session_id,charger_id,customer_id,vehicle_id,tariff_id,start_time,end_time,duration_minutes,energy_kwh,total_cost
1,12,132,222,1,2026-06-24 11:53:52,2026-06-24 13:43:52,110,70.88,16.59
2,53,216,182,3,2026-09-05 02:01:52,2026-09-05 02:29:52,28,82.63,48.45
3,74,6,260,1,2026-07-08 16:48:52,2026-07-08 19:06:52,138,26.82,6.9
4,15,140,391,1,2026-07-17 06:20:52,2026-07-17 08:24:52,124,73.39,17.15
5,24,121,140,2,2026-09-08 22:04:52,2026-09-08 23:45:52,101,36.33,19.94
6,9,299,73,4,2026-08-31 12:11:52,2026-08-31 14:41:52,150,26.13,4.7
7,21,113,190,1,2026-07-21 11:26:52,2026-07-21 14:06:52,160,54.72,13.04
8,97,31,317,4,2026-06-18 09:11:52,2026-06-18 10:35:52,84,43.23,7.78
9,54,121,140,3,2026-07-09 04:13:52,2026-07-09 05:56:52,103,42.24,26.23
10,6,101,113,2,2026-08-01 07:09:52,2026-08-01 07:25:52,16,25.33,14.66
11,38,123,168,4,2026-06-26 12:37:52,2026-06-26 14:42:52,125,23.18,4.17
12,10,26,204,3,2026-06-17 01:07:52,2026-06-17 03:19:52,132,79.09,46.5
13,91,145,328,3,2026-08-03 21:13:52,2026-08-03 23:11:52,118,11.56,9.36
14,89,4,186,4,2026-06-23 02:00:52,2026-06-23 02:42:52,42,28.25,5.08
15,40,123,382,1,2026-07-24 19:27:52,2026-07-24 20:25:52,58,15.73,4.46
16,45,97,373,2,2026-09-01 16:21:52,2026-09-01 17:02:52,41,20.98,12.57
17,98,79,389,4,2026-09-02 14:17:52,2026-09-02 17:12:52,175,47.06,8.47
18,20,297,226,3,2026-06-20 03:34:52,2026-06-20 06:30:52,176,32.71,20.99
19,65,68,38,3,2026-07-21 02:34:52,2026-07-21 02:58:52,24,14.27,10.85
20,79,252,305,1,2026-08-15 00:35:52,2026-08-15 03:18:52,163,51.57,12.35
21,42,128,310,3,2026-08-11 04:15:52,2026-08-11 04:45:52,30,43.79,27.08
22,6,292,127,3,2026-08-07 02:39:52,2026-08-07 05:07:52,148,55.74,33.66
23,50,42,210,3,2026-07-25 09:44:52,2026-07-25 10:12:52,28,69.19,41.05
24,13,269,286,2,2026-09-06 00:24:52,2026-09-06 01:43:52,79,64.28,33.35
25,75,240,340,1,2026-06-29 23:25:52,2026-06-30 01:20:52,115,19.67,5.33
26,83,226,169,4,2026-06-28 09:50:52,2026-06-28 12:19:52,149,17.01,3.06
27,47,272,159,2,2026-07-04 18:27:52,2026-07-04 20:46:52,139,24.4,14.21
28,38,284,52,3,2026-08-15 05:59:52,2026-08-15 08:28:52,149,12.83,10.06
29,20,212,84,2,2026-07-05 10:55:52,2026-07-05 13:49:52,174,70.68,36.43
30,53,153,187,4,2026-09-06 11:21:52,2026-09-06 13:29:52,128,55.79,10.04
31,40,236,241,4,2026-07-05 23:49:52,2026-07-06 02:30:52,161,83.83,15.09
32,65,298,271,2,2026-08-03 17:58:52,2026-08-03 19:04:52,66,70.09,36.14
33,83,239,247,1,2026-07-29 06:05:52,2026-07-29 06:46:52,41,63.36,14.94
34,98,84,83,4,2026-07-16 03:03:52,2026-07-16 05:29:52,146,21.05,3.79
35,58,170,179,2,2026-06-15 01:09:52,2026-06-15 03:05:52,116,47.65,25.37
36,48,170,115,3,2026-06-14 23:05:52,2026-06-14 23:45:52,40,72.94,43.12
37,5,295,147,4,2026-08-11 10:59:52,2026-08-11 11:49:52,50,66.91,12.04
38,11,195,10,4,2026-07-13 18:59:52,2026-07-13 19:52:52,53,51.16,9.21
39,31,26,155,4,2026-06-26 13:21:52,2026-06-26 15:23:52,122,57.92,10.43
40,64,296,306,2,2026-08-18 12:46:52,2026-08-18 15:12:52,146,53.13,28.0
41,1,220,315,1,2026-07-26 19:42:52,2026-07-26 21:43:52,121,24.05,6.29
42,68,119,279,4,2026-08-15 04:41:52,2026-08-15 05:01:52,20,39.28,7.07
43,48,147,130,1,2026-06-13 23:56:52,2026-06-14 00:28:52,32,35.86,8.89
44,6,32,181,4,2026-08-19 22:58:52,2026-08-20 01:57:52,179,23.13,4.16
45,18,299,33,2,2026-08-08 13:24:52,2026-08-08 14:30:52,66,13.29,8.88
46,40,285,264,2,2026-08-01 05:36:52,2026-08-01 06:55:52,79,12.75,8.62
47,100,42,25,4,2026-09-02 22:23:52,2026-09-02 23:09:52,46,69.95,12.59
48,50,78,174,3,2026-07-05 03:50:52,2026-07-05 06:12:52,142,37.55,23.65
49,11,112,221,1,2026-08-27 17:40:52,2026-08-27 19:10:52,90,34.09,8.5
50,40,102,229,3,2026-08-28 10:33:52,2026-08-28 11:30:52,57,61.73,36.95
51,94,32,181,1,2026-08-29 01:23:52,2026-08-29 04:21:52,178,83.5,19.37
52,47,209,263,4,2026-09-05 17:07:52,2026-09-05 17:58:52,51,73.65,13.26
53,9,207,121,1,2026-09-01 23:29:52,2026-09-02 01:22:52,113,81.21,18.87
54,48,113,191,4,2026-08-06 14:42:52,2026-08-06 15:32:52,50,49.71,8.95
55,32,176,59,1,2026-06-15 11:17:52,2026-06-15 13:39:52,142,48.83,11.74
56,91,102,229,2,2026-07-09 07:24:52,2026-07-09 09:44:52,140,25.01,14.5
57,23,19,366,1,2026-08-06 14:57:52,2026-08-06 16:33:52,96,60.09,14.22
58,21,206,365,1,2026-09-09 08:17:52,2026-09-09 10:04:52,107,48.16,11.6
59,31,195,253,2,2026-06-14 23:41:52,2026-06-15 02:22:52,161,37.67,20.58
60,40,26,204,1,2026-08-12 04:32:52,2026-08-12 06:31:52,119,71.75,16.78
61,83,68,38,2,2026-08-08 02:49:52,2026-08-08 05:16:52,147,35.84,19.7
62,65,62,29,3,2026-06-27 04:15:52,2026-06-27 05:47:52,92,22.35,15.29
63,67,213,146,3,2026-06-21 20:18:52,2026-06-21 23:15:52,177,81.73,47.95
64,79,218,274,2,2026-06-23 04:47:52,2026-06-23 05:45:52,58,54.39,28.61
65,73,245,22,3,2026-06-14 14:08:52,2026-06-14 17:07:52,179,67.83,40.31
66,80,145,328,3,2026-06-15 04:02:52,2026-06-15 06:57:52,175,50.92,31.01
67,88,195,208,4,2026-07-20 02:10:52,2026-07-20 02:40:52,30,21.86,3.93
68,27,197,175,3,2026-08-27 16:26:52,2026-08-27 18:02:52,96,65.06,38.78
69,98,113,190,1,2026-08-16 05:12:52,2026-08-16 06:48:52,96,28.13,7.19
70,32,299,73,4,2026-06-23 13:24:52,2026-06-23 15:17:52,113,74.81,13.47
71,42,65,296,4,2026-07-21 18:54:52,2026-07-21 19:49:52,55,47.37,8.53
72,64,233,12,2,2026-06-23 00:38:52,2026-06-23 02:50:52,132,82.5,42.1
73,7,38,145,1,2026-08-14 08:02:52,2026-08-14 10:17:52,135,31.43,7.91
74,18,87,136,2,2026-07-28 00:29:52,2026-07-28 00:55:52,26,40.04,21.72
75,10,274,198,1,2026-08-15 02:54:52,2026-08-15 05:29:52,155,30.98,7.82
76,51,224,192,4,2026-07-25 05:29:52,2026-07-25 06:20:52,51,24.93,4.49
77,5,77,71,2,2026-07-24 03:39:52,2026-07-24 05:50:52,131,21.17,12.66
78,21,220,202,4,2026-08-29 11:59:52,2026-08-29 13:30:52,91,54.53,9.82
79,3,280,189,1,2026-07-24 09:13:52,2026-07-24 11:14:52,121,53.78,12.83
80,84,142,398,2,2026-08-25 06:20:52,2026-08-25 06:48:52,28,53.76,28.3
81,88,195,125,4,2026-06-16 06:50:52,2026-06-16 07:33:52,43,24.31,4.38
82,20,277,212,4,2026-09-07 18:32:52,2026-09-07 20:55:52,143,68.12,12.26
83,67,262,107,3,2026-08-21 22:48:52,2026-08-22 01:05:52,137,49.41,30.18
84,69,79,176,3,2026-08-19 23:49:52,2026-08-20 02:48:52,179,70.27,41.65
85,32,13,143,2,2026-08-21 21:20:52,2026-08-21 22:51:52,91,67.84,35.06
86,62,170,179,4,2026-08-22 11:23:52,2026-08-22 12:51:52,88,19.14,3.45
87,99,66,75,4,2026-07-18 13:24:52,2026-07-18 13:59:52,35,35.98,6.48
88,28,20,104,2,2026-08-18 21:05:52,2026-08-18 23:43:52,158,62.21,32.36
89,32,36,26,1,2026-09-05 04:20:52,2026-09-05 07:18:52,178,27.46,7.04
90,92,79,242,2,2026-06-24 09:55:52,2026-06-24 10:45:52,50,10.39,7.49
91,62,77,334,1,2026-07-06 21:26:52,2026-07-06 22:54:52,88,58.44,13.86
92,23,36,214,2,2026-07-03 13:59:52,2026-07-03 15:55:52,116,69.1,35.67
93,2,91,153,4,2026-08-23 07:12:52,2026-08-23 08:52:52,100,31.34,5.64
94,35,261,99,2,2026-06-25 22:16:52,2026-06-26 00:28:52,132,58.62,30.64
95,38,8,291,4,2026-09-05 18:17:52,2026-09-05 21:08:52,171,74.21,13.36
96,12,109,206,2,2026-09-04 15:17:52,2026-09-04 16:07:52,50,45.81,24.49
97,50,207,121,1,2026-08-07 20:27:52,2026-08-07 21:59:52,92,53.68,12.81
98,89,207,121,4,2026-06-19 09:13:52,2026-06-19 11:27:52,134,33.01,5.94
99,82,218,152,4,2026-07-29 07:20:52,2026-07-29 08:31:52,71,81.8,14.72
100,96,286,311,2,2026-07-29 01:50:52,2026-07-29 04:25:52,155,78.46,40.16
101,68,102,229,1,2026-08-18 10:29:52,2026-08-18 11:03:52,34,78.79,18.33
102,74,282,275,2,2026-06-30 17:26:52,2026-06-30 19:54:52,148,43.14,23.21
103,66,102,229,1,2026-06-19 02:14:52,2026-06-19 04:40:52,146,41.16,10.06
104,93,233,12,1,2026-07-31 20:58:52,2026-07-31 21:13:52,15,65.94,15.51
105,45,241,359,4,2026-06-20 05:09:52,2026-06-20 05:41:52,32,83.96,15.11
106,53,157,93,3,2026-06-29 08:52:52,2026-06-29 11:52:52,180,82.28,48.25
107,49,15,193,3,2026-06-22 09:48:52,2026-06-22 12:21:52,153,19.97,13.98
108,69,220,202,1,2026-08-17 16:52:52,2026-08-17 18:04:52,72,72.61,16.97
109,87,60,369,2,2026-08-20 01:40:52,2026-08-20 03:32:52,112,71.75,36.94
110,20,102,142,4,2026-07-06 11:54:52,2026-07-06 12:37:52,43,12.42,2.24
111,27,134,35,1,2026-06-24 07:08:52,2026-06-24 09:17:52,129,54.83,13.06
112,52,160,225,3,2026-07-11 05:19:52,2026-07-11 05:48:52,29,20.51,14.28
113,74,28,307,2,2026-09-05 22:21:52,2026-09-05 23:53:52,92,75.72,38.85
114,36,42,32,4,2026-08-22 07:02:52,2026-08-22 08:01:52,59,56.95,10.25
115,45,120,330,4,2026-09-05 00:56:52,2026-09-05 03:25:52,149,33.91,6.1
116,39,15,193,3,2026-07-05 05:36:52,2026-07-05 06:52:52,76,73.7,43.54
117,8,100,288,2,2026-08-03 01:41:52,2026-08-03 04:11:52,150,20.06,12.13
118,43,59,332,2,2026-06-22 03:00:52,2026-06-22 04:49:52,109,16.93,10.63
119,49,42,345,2,2026-08-28 07:08:52,2026-08-28 07:41:52,33,24.11,14.07
120,43,128,156,1,2026-06-12 19:05:52,2026-06-12 20:08:52,63,82.16,19.08
121,90,128,310,3,2026-07-08 01:04:52,2026-07-08 02:20:52,76,51.41,31.28
122,69,116,333,4,2026-07-26 21:22:52,2026-07-26 23:09:52,107,48.46,8.72
123,93,236,241,2,2026-07-21 18:29:52,2026-07-21 20:04:52,95,41.04,22.2
124,34,111,284,2,2026-08-25 06:52:52,2026-08-25 08:53:52,121,32.14,17.93
125,49,274,292,4,2026-07-13 03:41:52,2026-07-13 05:22:52,101,29.3,5.27
126,22,227,376,1,2026-07-26 17:14:52,2026-07-26 19:48:52,154,46.62,11.26
127,86,42,25,2,2026-06-12 01:14:52,2026-06-12 04:10:52,176,27.36,15.63
128,65,273,234,4,2026-07-28 13:45:52,2026-07-28 16:43:52,178,60.01,10.8
129,1,272,273,3,2026-08-21 01:06:52,2026-08-21 01:25:52,19,49.71,30.34
130,65,252,358,1,2026-09-06 01:57:52,2026-09-06 02:57:52,60,18.03,4.97
131,25,51,318,4,2026-08-17 20:58:52,2026-08-17 22:43:52,105,30.05,5.41
132,52,260,236,1,2026-08-22 19:50:52,2026-08-22 21:02:52,72,32.5,8.15
133,52,208,195,2,2026-07-30 05:36:52,2026-07-30 06:05:52,29,57.76,30.22
134,56,102,331,1,2026-07-24 07:00:52,2026-07-24 07:39:52,39,77.11,17.96
135,89,8,291,3,2026-08-10 20:08:52,2026-08-10 20:42:52,34,61.33,36.73
136,41,31,9,3,2026-07-08 06:15:52,2026-07-08 08:11:52,116,79.67,46.82
137,73,289,200,2,2026-09-06 05:27:52,2026-09-06 07:20:52,113,66.67,34.5
138,7,271,51,4,2026-08-05 19:59:52,2026-08-05 20:33:52,34,35.54,6.4
139,82,121,140,4,2026-08-08 03:20:52,2026-08-08 05:06:52,106,51.48,9.27
140,88,246,300,2,2026-09-04 00:11:52,2026-09-04 03:04:52,173,32.15,17.93
141,35,128,79,4,2026-07-30 10:56:52,2026-07-30 13:53:52,177,21.57,3.88
142,14,126,47,1,2026-06-11 21:34:52,2026-06-11 23:21:52,107,67.1,15.76
143,24,112,221,1,2026-08-08 05:41:52,2026-08-08 08:07:52,146,40.6,9.93
144,71,146,48,1,2026-08-27 07:56:52,2026-08-27 09:34:52,98,74.78,17.45
145,50,175,399,2,2026-06-22 12:03:52,2026-06-22 14:41:52,158,77.89,39.89
146,22,19,72,2,2026-07-15 21:23:52,2026-07-15 23:44:52,141,20.95,12.56
147,54,266,154,4,2026-08-11 14:29:52,2026-08-11 15:48:52,79,80.82,14.55
148,14,39,70,4,2026-07-19 12:31:52,2026-07-19 14:11:52,100,73.12,13.16
149,43,112,221,2,2026-09-03 07:14:52,2026-09-03 08:45:52,91,34.05,18.84
150,23,26,204,2,2026-07-21 21:53:52,2026-07-22 00:50:52,177,46.83,24.98
151,36,220,202,2,2026-07-27 16:05:52,2026-07-27 18:44:52,159,24.99,14.5
152,91,198,108,4,2026-08-06 21:59:52,2026-08-06 22:31:52,32,71.42,12.86
153,82,128,156,4,2026-07-11 20:48:52,2026-07-11 21:42:52,54,63.64,11.46
154,77,276,246,4,2026-08-25 00:40:52,2026-08-25 03:04:52,144,79.26,14.27
155,90,282,275,2,2026-08-27 09:04:52,2026-08-27 09:40:52,36,18.2,11.24
156,83,227,314,3,2026-06-17 06:47:52,2026-06-17 09:47:52,180,39.97,24.98
157,2,271,51,2,2026-07-14 19:38:52,2026-07-14 22:05:52,147,51.85,27.39
158,51,216,238,1,2026-09-06 06:50:52,2026-09-06 09:13:52,143,21.31,5.69
159,38,180,213,3,2026-06-21 15:59:52,2026-06-21 16:50:52,51,36.12,22.87
160,67,138,248,4,2026-07-26 03:12:52,2026-07-26 05:19:52,127,64.15,11.55
161,39,272,23,2,2026-06-25 13:00:52,2026-06-25 14:42:52,102,58.6,30.63
162,71,80,82,4,2026-07-24 05:33:52,2026-07-24 07:46:52,133,27.39,4.93
163,82,158,337,4,2026-08-06 00:07:52,2026-08-06 02:59:52,172,76.23,13.72
164,1,165,361,2,2026-07-08 18:23:52,2026-07-08 18:54:52,31,53.3,28.08
165,26,190,235,3,2026-06-25 20:48:52,2026-06-25 23:08:52,140,49.58,30.27
166,76,176,59,3,2026-07-26 00:00:52,2026-07-26 02:12:52,132,56.3,33.97
167,41,251,61,2,2026-07-11 21:13:52,2026-07-11 22:14:52,61,38.0,20.74
168,77,77,71,2,2026-08-24 00:33:52,2026-08-24 01:35:52,62,46.5,24.82
169,37,19,72,3,2026-07-04 22:59:52,2026-07-05 01:09:52,130,56.46,34.05
170,18,275,100,4,2026-07-31 05:38:52,2026-07-31 07:59:52,141,40.69,7.32
171,63,171,86,3,2026-06-22 06:07:52,2026-06-22 07:18:52,71,31.91,20.55
172,22,137,400,1,2026-08-09 06:53:52,2026-08-09 09:14:52,141,51.23,12.27
173,100,119,279,4,2026-07-28 05:58:52,2026-07-28 06:23:52,25,67.0,12.06
174,14,105,377,3,2026-09-02 19:25:52,2026-09-02 19:48:52,23,43.73,27.05
175,16,142,398,4,2026-07-11 18:57:52,2026-07-11 21:42:52,165,61.69,11.1
176,27,161,106,2,2026-06-19 06:28:52,2026-06-19 08:59:52,151,31.08,17.42
177,38,28,294,4,2026-07-16 05:03:52,2026-07-16 05:42:52,39,20.17,3.63
178,84,171,65,2,2026-09-08 16:21:52,2026-09-08 17:13:52,52,63.35,32.91
179,19,65,296,1,2026-08-30 20:46:52,2026-08-30 22:47:52,121,38.14,9.39
180,66,283,384,4,2026-07-17 11:05:52,2026-07-17 12:54:52,109,44.1,7.94
181,100,227,376,3,2026-06-23 11:35:52,2026-06-23 14:32:52,177,59.81,35.9
182,28,59,220,3,2026-07-09 03:23:52,2026-07-09 05:00:52,97,72.13,42.67
183,44,295,350,4,2026-06-17 13:12:52,2026-06-17 16:07:52,175,68.79,12.38
184,21,297,226,2,2026-08-08 12:33:52,2026-08-08 13:39:52,66,84.68,43.15
185,36,146,48,2,2026-09-02 23:22:52,2026-09-02 23:58:52,36,37.89,20.69
186,81,234,157,1,2026-09-08 19:33:52,2026-09-08 20:11:52,38,62.78,14.81
187,10,219,68,3,2026-08-25 19:39:52,2026-08-25 21:47:52,128,10.7,8.88
188,89,219,68,1,2026-08-11 14:20:52,2026-08-11 16:13:52,113,16.7,4.67
189,48,266,154,2,2026-06-29 00:55:52,2026-06-29 01:44:52,49,58.12,30.4
190,79,116,333,2,2026-07-03 02:28:52,2026-07-03 03:37:52,69,57.11,29.91
191,28,136,45,4,2026-06-23 16:54:52,2026-06-23 17:40:52,46,54.22,9.76
192,41,19,72,3,2026-07-12 20:47:52,2026-07-12 21:23:52,36,28.61,18.74
193,27,252,266,1,2026-08-28 04:18:52,2026-08-28 06:13:52,115,32.17,8.08
194,50,108,58,1,2026-07-12 03:46:52,2026-07-12 06:33:52,167,15.33,4.37
195,17,202,199,4,2026-08-23 01:29:52,2026-08-23 04:03:52,154,61.22,11.02
196,76,134,35,4,2026-06-12 20:19:52,2026-06-12 20:44:52,25,79.19,14.25
197,55,210,360,2,2026-08-01 14:46:52,2026-08-01 17:18:52,152,50.32,26.65
198,40,5,41,4,2026-08-15 18:57:52,2026-08-15 19:51:52,54,50.23,9.04
199,90,59,224,1,2026-07-11 13:21:52,2026-07-11 13:58:52,37,79.35,18.46
200,40,207,342,2,2026-09-04 11:17:52,2026-09-04 12:02:52,45,10.95,7.76
201,64,213,178,2,2026-08-17 04:56:52,2026-08-17 06:17:52,81,22.52,13.31
202,99,98,16,1,2026-07-24 01:23:52,2026-07-24 03:52:52,149,14.79,4.25
203,66,195,185,2,2026-06-19 04:00:52,2026-06-19 06:40:52,160,22.52,13.31
204,74,21,346,1,2026-06-25 19:53:52,2026-06-25 22:18:52,145,10.19,3.24
205,61,153,187,4,2026-07-30 16:17:52,2026-07-30 16:41:52,24,51.46,9.26
206,32,36,214,1,2026-07-21 20:58:52,2026-07-21 21:32:52,34,52.87,12.63
207,29,244,265,3,2026-06-17 00:10:52,2026-06-17 02:24:52,134,74.95,44.22
208,71,273,234,3,2026-06-12 23:18:52,2026-06-13 00:47:52,89,52.29,31.76
209,48,245,303,2,2026-08-13 18:52:52,2026-08-13 21:26:52,154,67.04,34.68
210,53,217,13,1,2026-07-11 05:28:52,2026-07-11 08:25:52,177,72.97,17.05
211,98,158,337,2,2026-07-30 11:52:52,2026-07-30 13:25:52,93,17.8,11.04
212,8,299,73,4,2026-07-16 14:08:52,2026-07-16 15:22:52,74,77.3,13.91
213,96,110,44,4,2026-08-24 15:38:52,2026-08-24 16:27:52,49,57.79,10.4
214,56,240,340,4,2026-06-27 19:24:52,2026-06-27 20:45:52,81,73.82,13.29
215,58,121,140,1,2026-07-10 14:18:52,2026-07-10 15:07:52,49,68.5,16.07
216,22,155,231,2,2026-08-09 22:32:52,2026-08-09 23:17:52,45,50.19,26.59
217,60,87,136,1,2026-06-26 14:16:52,2026-06-26 15:48:52,92,71.98,16.84
218,19,126,47,3,2026-07-12 23:31:52,2026-07-13 01:57:52,146,13.67,10.52
219,4,195,208,4,2026-08-08 05:53:52,2026-08-08 08:28:52,155,28.74,5.17
220,16,249,7,3,2026-06-18 19:14:52,2026-06-18 20:19:52,65,71.78,42.48
221,10,233,12,2,2026-06-19 19:03:52,2026-06-19 22:03:52,180,43.26,23.26
222,16,245,22,4,2026-08-09 13:16:52,2026-08-09 15:57:52,161,42.49,7.65
223,49,295,350,3,2026-08-04 17:28:52,2026-08-04 18:37:52,69,78.12,45.97
224,20,297,18,4,2026-08-29 07:45:52,2026-08-29 09:02:52,77,58.55,10.54
225,8,136,45,2,2026-07-17 00:14:52,2026-07-17 02:16:52,122,24.96,14.48
226,92,11,184,3,2026-08-12 05:56:52,2026-08-12 08:15:52,139,35.8,22.69
227,24,285,14,3,2026-07-22 07:20:52,2026-07-22 07:42:52,22,77.18,45.45
228,68,11,184,2,2026-08-24 19:16:52,2026-08-24 19:56:52,40,28.59,16.22
229,98,101,113,3,2026-08-24 00:28:52,2026-08-24 01:27:52,59,23.21,15.77
230,91,241,359,2,2026-07-27 06:42:52,2026-07-27 07:33:52,51,52.23,27.57
231,23,292,252,1,2026-06-15 14:09:52,2026-06-15 15:23:52,74,55.12,13.13
232,43,220,315,3,2026-07-06 16:27:52,2026-07-06 17:27:52,60,78.91,46.4
233,19,175,301,1,2026-06-29 16:00:52,2026-06-29 18:29:52,149,74.55,17.4
234,76,284,52,4,2026-07-24 21:26:52,2026-07-24 22:15:52,49,83.19,14.97
235,23,169,363,2,2026-08-22 11:02:52,2026-08-22 13:54:52,172,69.02,35.63
236,40,227,376,4,2026-09-07 21:14:52,2026-09-07 22:14:52,60,64.66,11.64
237,78,82,163,4,2026-08-28 19:46:52,2026-08-28 22:25:52,159,17.81,3.21
238,96,162,40,1,2026-07-11 23:26:52,2026-07-12 00:23:52,57,57.71,13.7
239,2,87,136,1,2026-07-07 19:50:52,2026-07-07 20:22:52,32,36.29,8.98
240,50,160,225,4,2026-08-03 18:02:52,2026-08-03 20:02:52,120,46.98,8.46
241,13,276,246,1,2026-08-24 08:54:52,2026-08-24 10:06:52,72,22.2,5.88
242,3,244,164,4,2026-07-14 15:10:52,2026-07-14 16:52:52,102,22.76,4.1
243,71,146,48,4,2026-07-25 07:45:52,2026-07-25 10:03:52,138,62.84,11.31
244,21,121,28,3,2026-06-23 22:19:52,2026-06-23 23:22:52,63,40.7,25.39
245,31,155,50,2,2026-06-18 00:42:52,2026-06-18 03:17:52,155,72.99,37.54
246,1,65,219,2,2026-06-22 21:58:52,2026-06-23 00:53:52,175,55.02,28.91
247,27,82,88,3,2026-08-31 21:11:52,2026-08-31 23:27:52,136,73.28,43.3
248,63,225,339,3,2026-07-14 14:47:52,2026-07-14 17:21:52,154,39.06,24.48
249,24,102,229,3,2026-06-16 20:34:52,2026-06-16 22:48:52,134,29.76,19.37
250,97,224,357,4,2026-09-04 15:11:52,2026-09-04 16:54:52,103,70.61,12.71
251,50,151,268,2,2026-08-04 05:49:52,2026-08-04 08:05:52,136,52.95,27.92
252,11,237,203,2,2026-06-16 04:42:52,2026-06-16 07:09:52,147,70.03,36.11
253,23,171,86,4,2026-07-08 18:14:52,2026-07-08 18:39:52,25,41.75,7.52
254,77,227,133,4,2026-07-22 12:04:52,2026-07-22 12:36:52,32,16.53,2.98
255,67,190,235,4,2026-06-13 10:45:52,2026-06-13 13:30:52,165,49.19,8.85
256,20,158,76,1,2026-08-23 06:43:52,2026-08-23 07:23:52,40,79.37,18.46
257,53,87,136,1,2026-07-31 08:37:52,2026-07-31 11:18:52,161,55.67,13.25
258,52,76,74,3,2026-08-30 07:49:52,2026-08-30 09:46:52,117,12.91,10.1
259,96,268,244,3,2026-07-15 23:07:52,2026-07-16 00:48:52,101,71.3,42.22
260,63,224,357,4,2026-09-06 16:01:52,2026-09-06 17:14:52,73,20.08,3.61
261,94,36,214,4,2026-08-28 08:11:52,2026-08-28 09:14:52,63,43.13,7.76
262,8,285,264,1,2026-07-01 14:25:52,2026-07-01 16:49:52,144,40.25,9.86
263,26,127,30,2,2026-07-12 13:35:52,2026-07-12 14:02:52,27,78.85,40.35
264,60,142,259,2,2026-08-01 09:05:52,2026-08-01 09:51:52,46,61.09,31.82
265,77,102,229,2,2026-07-04 03:43:52,2026-07-04 06:19:52,156,36.23,19.89
266,37,250,15,2,2026-07-30 13:16:52,2026-07-30 15:57:52,161,68.49,35.38
267,87,161,106,1,2026-07-16 08:32:52,2026-07-16 10:58:52,146,11.5,3.53
268,83,56,89,3,2026-08-26 12:20:52,2026-08-26 13:39:52,79,55.63,33.6
269,49,170,179,4,2026-08-08 20:19:52,2026-08-08 22:33:52,134,32.66,5.88
270,66,240,340,3,2026-07-29 05:47:52,2026-07-29 08:34:52,167,55.68,33.62
271,9,42,173,3,2026-07-17 08:26:52,2026-07-17 09:51:52,85,29.59,19.27
272,67,248,392,3,2026-07-11 13:57:52,2026-07-11 16:45:52,168,40.31,25.17
273,84,167,255,1,2026-07-18 21:04:52,2026-07-18 23:06:52,122,40.34,9.87
274,93,19,366,3,2026-07-10 09:40:52,2026-07-10 12:38:52,178,68.87,40.88
275,85,269,286,3,2026-07-04 21:12:52,2026-07-04 23:27:52,135,19.6,13.78
276,84,179,46,3,2026-07-09 23:20:52,2026-07-10 00:53:52,93,41.54,25.85
277,75,3,151,1,2026-08-09 15:36:52,2026-08-09 16:04:52,28,74.98,17.5
278,65,27,62,2,2026-09-07 00:39:52,2026-09-07 02:10:52,91,40.98,22.17
279,44,42,210,2,2026-08-23 02:15:52,2026-08-23 03:50:52,95,74.68,38.35
280,43,210,324,3,2026-07-03 22:46:52,2026-07-03 23:15:52,29,10.35,8.69
281,74,248,392,4,2026-07-02 03:56:52,2026-07-02 04:33:52,37,19.71,3.55
282,55,139,245,3,2026-07-30 12:08:52,2026-07-30 14:39:52,151,24.96,16.73
283,97,243,272,2,2026-07-05 12:49:52,2026-07-05 13:05:52,16,57.0,29.86
284,40,227,67,1,2026-06-25 00:38:52,2026-06-25 03:23:52,165,32.96,8.25
285,38,273,234,2,2026-08-17 07:39:52,2026-08-17 09:20:52,101,42.52,22.91
286,46,283,385,2,2026-07-05 18:04:52,2026-07-05 20:02:52,118,11.43,7.99
287,94,233,12,1,2026-08-26 04:16:52,2026-08-26 05:02:52,46,37.49,9.25
288,99,218,274,1,2026-08-29 13:44:52,2026-08-29 14:11:52,27,59.65,14.12
289,54,193,228,2,2026-07-29 15:41:52,2026-07-29 17:00:52,79,45.58,24.38
290,39,127,216,2,2026-09-03 15:48:52,2026-09-03 18:16:52,148,30.25,17.02
291,66,60,369,4,2026-08-29 15:24:52,2026-08-29 16:08:52,44,68.86,12.39
292,100,243,135,1,2026-08-16 18:28:52,2026-08-16 20:27:52,119,32.15,8.07
293,89,239,247,1,2026-07-23 19:06:52,2026-07-23 19:24:52,18,60.37,14.28
294,12,137,400,2,2026-08-15 14:52:52,2026-08-15 15:32:52,40,77.86,39.87
295,34,216,238,3,2026-06-17 15:58:52,2026-06-17 16:57:52,59,75.56,44.56
296,55,148,379,2,2026-06-25 16:00:52,2026-06-25 16:26:52,26,10.73,7.65
297,46,160,225,3,2026-08-29 21:02:52,2026-08-29 21:40:52,38,37.95,23.87
298,52,195,205,4,2026-08-08 20:59:52,2026-08-08 22:52:52,113,61.74,11.11
299,15,219,68,4,2026-09-09 11:09:52,2026-09-09 12:04:52,55,17.78,3.2
300,79,208,195,4,2026-07-27 07:07:52,2026-07-27 07:55:52,48,46.23,8.32
301,57,30,24,2,2026-06-19 20:47:52,2026-06-19 22:22:52,95,10.93,7.75
302,56,225,339,1,2026-07-13 03:28:52,2026-07-13 06:27:52,179,38.87,9.55
303,65,236,241,3,2026-08-13 17:10:52,2026-08-13 19:30:52,140,34.05,21.73
304,65,170,115,1,2026-08-21 08:30:52,2026-08-21 10:28:52,118,71.28,16.68
305,74,125,230,4,2026-06-23 03:34:52,2026-06-23 05:09:52,95,18.9,3.4
306,52,277,212,3,2026-06-16 05:41:52,2026-06-16 05:56:52,15,71.94,42.57
307,44,153,187,4,2026-06-17 20:00:52,2026-06-17 22:11:52,131,34.9,6.28
308,15,155,50,3,2026-09-03 19:06:52,2026-09-03 20:48:52,102,36.64,23.15
309,6,92,85,2,2026-08-13 16:58:52,2026-08-13 18:57:52,119,18.02,11.15
310,51,224,111,4,2026-08-08 18:51:52,2026-08-08 20:32:52,101,18.08,3.25
311,99,155,231,4,2026-08-09 09:43:52,2026-08-09 12:07:52,144,20.1,3.62
312,71,132,222,2,2026-08-25 04:05:52,2026-08-25 06:30:52,145,68.58,35.42
313,14,202,199,4,2026-09-04 07:44:52,2026-09-04 09:21:52,97,47.81,8.61
314,36,26,204,3,2026-07-24 21:34:52,2026-07-24 22:23:52,49,20.36,14.2
315,26,198,108,2,2026-08-30 10:24:52,2026-08-30 12:07:52,103,79.09,40.46
316,91,136,60,4,2026-07-27 05:36:52,2026-07-27 08:20:52,164,52.8,9.5
317,2,151,268,1,2026-06-24 12:30:52,2026-06-24 13:22:52,52,13.98,4.08
318,97,84,83,3,2026-07-18 09:22:52,2026-07-18 10:14:52,52,72.95,43.12
319,46,62,232,4,2026-06-25 08:01:52,2026-06-25 10:39:52,158,74.86,13.47
320,89,156,341,3,2026-06-18 00:30:52,2026-06-18 02:31:52,121,81.75,47.96
321,96,1,129,3,2026-07-07 08:01:52,2026-07-07 10:09:52,128,72.25,42.74
322,38,125,230,1,2026-07-04 09:10:52,2026-07-04 10:12:52,62,82.19,19.08
323,55,13,143,3,2026-08-21 20:14:52,2026-08-21 21:10:52,56,53.8,32.59
324,60,254,364,3,2026-06-30 13:15:52,2026-06-30 14:52:52,97,54.77,33.12
325,10,169,363,2,2026-07-22 04:20:52,2026-07-22 05:22:52,62,49.05,26.04
326,12,170,179,3,2026-07-09 18:48:52,2026-07-09 20:27:52,99,34.83,22.16
327,72,48,386,2,2026-09-02 12:13:52,2026-09-02 13:56:52,103,43.43,23.35
328,49,176,59,3,2026-07-30 20:40:52,2026-07-30 22:07:52,87,11.85,9.52
329,6,218,152,1,2026-09-02 18:26:52,2026-09-02 20:52:52,146,16.18,4.56
330,81,268,34,4,2026-07-08 09:46:52,2026-07-08 10:55:52,69,74.87,13.48
331,69,210,360,2,2026-08-06 08:58:52,2026-08-06 09:31:52,33,66.02,34.19
332,92,147,170,3,2026-06-15 14:10:52,2026-06-15 14:38:52,28,23.35,15.84
333,34,216,209,1,2026-07-31 02:46:52,2026-07-31 04:44:52,118,42.48,10.35
334,69,277,4,1,2026-09-02 11:45:52,2026-09-02 12:16:52,31,66.7,15.67
335,65,55,55,4,2026-07-19 09:25:52,2026-07-19 12:15:52,170,16.49,2.97
336,85,98,16,4,2026-08-10 17:40:52,2026-08-10 18:51:52,71,20.23,3.64
337,39,166,347,2,2026-09-01 23:06:52,2026-09-02 01:42:52,156,75.61,38.79
338,1,28,294,3,2026-08-27 00:40:52,2026-08-27 03:15:52,155,81.02,47.56
339,28,277,212,3,2026-09-02 04:15:52,2026-09-02 05:11:52,56,23.8,16.09
340,24,253,344,1,2026-08-22 14:00:52,2026-08-22 16:35:52,155,44.59,10.81
341,33,271,51,3,2026-07-07 11:43:52,2026-07-07 14:02:52,139,81.37,47.75
342,13,213,146,4,2026-08-29 15:03:52,2026-08-29 16:07:52,64,33.83,6.09
343,89,246,300,4,2026-07-01 06:42:52,2026-07-01 08:30:52,108,70.58,12.7
344,41,292,127,3,2026-07-10 10:53:52,2026-07-10 13:52:52,179,42.71,26.49
345,62,175,237,1,2026-08-07 23:55:52,2026-08-08 01:28:52,93,46.52,11.23
346,36,19,72,1,2026-08-18 18:22:52,2026-08-18 21:17:52,175,15.73,4.46
347,75,252,297,4,2026-08-02 06:19:52,2026-08-02 06:43:52,24,51.37,9.25
348,51,170,115,1,2026-08-26 12:00:52,2026-08-26 13:29:52,89,20.04,5.41
349,65,86,6,2,2026-09-03 20:00:52,2026-09-03 22:52:52,172,61.31,31.93
350,23,92,290,4,2026-08-23 10:01:52,2026-08-23 10:53:52,52,65.19,11.73
351,29,150,390,1,2026-08-12 19:10:52,2026-08-12 20:32:52,82,37.71,9.3
352,50,236,241,3,2026-08-08 13:08:52,2026-08-08 14:45:52,97,17.74,12.76
353,49,73,335,4,2026-07-29 23:43:52,2026-07-30 00:17:52,34,48.75,8.78
354,46,110,177,2,2026-08-13 04:02:52,2026-08-13 06:51:52,169,10.49,7.54
355,30,162,40,2,2026-08-16 08:23:52,2026-08-16 09:32:52,69,21.27,12.71
356,85,154,118,4,2026-08-03 22:52:52,2026-08-03 23:36:52,44,46.11,8.3
357,76,84,83,2,2026-09-02 01:07:52,2026-09-02 02:24:52,77,13.24,8.86
358,74,158,76,4,2026-06-18 17:22:52,2026-06-18 18:23:52,61,48.75,8.78
359,11,224,111,4,2026-08-08 07:36:52,2026-08-08 09:54:52,138,22.79,4.1
360,80,292,338,1,2026-08-15 20:16:52,2026-08-15 21:58:52,102,79.18,18.42
361,50,219,68,4,2026-06-24 12:18:52,2026-06-24 14:46:52,148,74.47,13.4
362,23,268,244,1,2026-08-29 07:08:52,2026-08-29 09:39:52,151,47.75,11.5
363,85,227,67,4,2026-08-28 05:58:52,2026-08-28 06:13:52,15,77.27,13.91
364,6,252,358,4,2026-08-18 01:20:52,2026-08-18 03:38:52,138,69.22,12.46
365,55,5,69,1,2026-07-14 03:55:52,2026-07-14 05:09:52,74,78.26,18.22
366,33,36,97,1,2026-06-12 10:53:52,2026-06-12 11:09:52,16,53.35,12.74
367,84,161,106,4,2026-09-07 22:32:52,2026-09-08 00:19:52,107,17.99,3.24
368,69,11,217,4,2026-08-22 23:45:52,2026-08-23 01:10:52,85,84.38,15.19
369,71,269,286,3,2026-08-11 17:29:52,2026-08-11 20:07:52,158,51.62,31.39
370,100,54,362,4,2026-08-01 11:14:52,2026-08-01 11:59:52,45,66.09,11.9
371,28,98,261,1,2026-08-01 22:57:52,2026-08-02 01:32:52,155,56.05,13.33
372,82,26,3,1,2026-06-22 16:36:52,2026-06-22 19:24:52,168,42.65,10.38
373,48,5,41,4,2026-08-27 13:52:52,2026-08-27 15:45:52,113,79.8,14.36
374,100,20,90,3,2026-09-01 03:34:52,2026-09-01 03:51:52,17,25.13,16.82
375,77,124,262,1,2026-08-17 10:20:52,2026-08-17 13:12:52,172,22.71,6.0
376,84,39,1,4,2026-07-01 14:23:52,2026-07-01 16:20:52,117,36.48,6.57
377,67,110,8,3,2026-06-19 14:41:52,2026-06-19 16:08:52,87,64.46,38.45
378,29,286,311,3,2026-07-06 03:05:52,2026-07-06 05:03:52,118,53.12,32.22
379,65,55,55,1,2026-08-21 14:38:52,2026-08-21 16:08:52,90,35.5,8.81
380,89,160,227,4,2026-07-30 06:36:52,2026-07-30 07:53:52,77,66.81,12.03
381,62,136,60,2,2026-07-14 14:30:52,2026-07-14 17:27:52,177,69.15,35.69
382,53,32,181,1,2026-08-17 05:06:52,2026-08-17 06:28:52,82,28.62,7.3
383,10,111,284,3,2026-07-04 03:26:52,2026-07-04 05:11:52,105,26.39,17.51
384,64,282,378,2,2026-07-06 19:53:52,2026-07-06 21:09:52,76,75.46,38.72
385,32,31,317,1,2026-07-26 16:55:52,2026-07-26 17:37:52,42,18.99,5.18
386,98,157,278,3,2026-06-17 03:29:52,2026-06-17 06:22:52,173,33.66,21.51
387,98,124,262,4,2026-07-17 00:20:52,2026-07-17 03:02:52,162,19.62,3.53
388,65,213,178,1,2026-08-01 09:55:52,2026-08-01 10:54:52,59,44.29,10.74
389,89,48,5,3,2026-06-13 09:19:52,2026-06-13 11:11:52,112,53.58,32.47
390,24,62,281,3,2026-07-14 19:23:52,2026-07-14 21:38:52,135,81.89,48.04
391,64,79,218,4,2026-07-08 01:50:52,2026-07-08 03:40:52,110,37.38,6.73
392,24,141,293,3,2026-06-28 06:49:52,2026-06-28 08:02:52,73,71.06,42.08
393,49,15,101,2,2026-06-30 11:15:52,2026-06-30 13:31:52,136,70.43,36.31
394,18,81,323,3,2026-08-17 05:52:52,2026-08-17 07:27:52,95,68.9,40.9
395,51,271,51,4,2026-09-07 17:09:52,2026-09-07 18:19:52,70,71.04,12.79
396,96,164,172,3,2026-07-14 23:29:52,2026-07-15 02:07:52,158,51.81,31.5
397,53,217,63,2,2026-07-26 09:44:52,2026-07-26 10:49:52,65,53.26,28.06
398,42,42,345,4,2026-08-16 03:55:52,2026-08-16 06:04:52,129,76.72,13.81
399,81,66,75,4,2026-07-03 08:57:52,2026-07-03 10:38:52,101,41.64,7.5
400,21,79,176,4,2026-07-10 22:26:52,2026-07-10 23:55:52,89,63.28,11.39
401,100,4,186,1,2026-08-26 04:34:52,2026-08-26 06:34:52,120,22.55,5.96
402,85,1,129,1,2026-09-09 11:11:52,2026-09-09 12:19:52,68,22.52,5.95
403,61,62,281,1,2026-06-17 12:55:52,2026-06-17 14:51:52,116,49.3,11.85
404,80,53,80,2,2026-06-22 09:05:52,2026-06-22 10:59:52,114,33.2,18.44
405,81,171,65,3,2026-06-28 04:59:52,2026-06-28 05:57:52,58,12.14,9.68
406,60,233,277,2,2026-07-16 05:34:52,2026-07-16 06:23:52,49,82.72,42.21
407,68,145,328,2,2026-09-01 05:25:52,2026-09-01 07:08:52,103,46.12,24.64
408,40,215,188,2,2026-08-02 20:15:52,2026-08-02 21:47:52,92,10.79,7.68
409,61,218,274,4,2026-06-13 11:05:52,2026-06-13 13:25:52,140,81.02,14.58
410,99,112,221,2,2026-07-19 07:20:52,2026-07-19 07:36:52,16,51.12,27.04
411,51,208,128,4,2026-07-02 10:53:52,2026-07-02 13:53:52,180,39.23,7.06
412,11,11,217,3,2026-08-30 19:39:52,2026-08-30 22:30:52,171,70.57,41.81
413,53,36,97,4,2026-06-19 17:14:52,2026-06-19 18:43:52,89,18.28,3.29
414,90,109,319,1,2026-08-12 18:26:52,2026-08-12 18:45:52,19,21.41,5.71
415,37,264,138,2,2026-06-28 10:34:52,2026-06-28 10:51:52,17,27.46,15.68
416,28,79,176,4,2026-08-03 21:56:52,2026-08-04 00:18:52,142,84.85,15.27
417,11,283,385,4,2026-06-29 13:23:52,2026-06-29 15:18:52,115,15.35,2.76
418,33,85,196,4,2026-06-12 15:55:52,2026-06-12 17:13:52,78,38.86,6.99
419,26,260,236,3,2026-06-24 04:48:52,2026-06-24 05:56:52,68,45.46,28.0
420,81,97,373,3,2026-06-17 12:05:52,2026-06-17 14:40:52,155,49.07,29.99
421,26,195,185,4,2026-06-18 09:19:52,2026-06-18 10:02:52,43,27.7,4.99
422,22,102,142,1,2026-08-24 15:31:52,2026-08-24 16:48:52,77,10.67,3.35
423,48,197,395,3,2026-06-22 19:16:52,2026-06-22 21:38:52,142,16.86,12.27
424,46,102,331,2,2026-07-01 10:40:52,2026-07-01 11:22:52,42,19.44,11.83
425,57,227,376,2,2026-07-05 12:50:52,2026-07-05 14:41:52,111,36.86,20.19
426,63,54,362,2,2026-08-07 05:24:52,2026-08-07 07:57:52,153,62.28,32.39
427,42,256,375,2,2026-08-09 21:01:52,2026-08-09 23:49:52,168,78.59,40.22
428,58,218,152,4,2026-07-15 05:29:52,2026-07-15 07:40:52,131,10.05,1.81
429,80,153,187,4,2026-08-29 19:26:52,2026-08-29 19:57:52,31,59.37,10.69
430,99,95,283,3,2026-07-01 07:24:52,2026-07-01 09:01:52,97,40.74,25.41
431,67,292,338,1,2026-06-19 13:59:52,2026-06-19 14:47:52,48,23.4,6.15
432,63,261,99,4,2026-06-23 13:42:52,2026-06-23 16:41:52,179,72.72,13.09
433,47,221,114,2,2026-08-28 10:10:52,2026-08-28 10:28:52,18,79.77,40.79
434,60,145,328,1,2026-06-18 23:41:52,2026-06-19 01:42:52,121,71.65,16.76
435,94,136,37,2,2026-07-19 14:19:52,2026-07-19 16:46:52,147,17.28,10.79
436,25,125,270,4,2026-09-03 19:42:52,2026-09-03 22:37:52,175,81.06,14.59
437,87,190,235,2,2026-09-09 09:33:52,2026-09-09 10:14:52,41,22.51,13.3
438,85,287,81,3,2026-08-19 07:34:52,2026-08-19 09:19:52,105,77.69,45.73
439,98,241,325,2,2026-08-06 11:26:52,2026-08-06 14:16:52,170,28.05,15.96
440,47,62,232,1,2026-08-08 00:06:52,2026-08-08 00:29:52,23,83.72,19.42
441,1,266,154,3,2026-07-09 19:00:52,2026-07-09 20:35:52,95,11.63,9.4
442,5,260,236,2,2026-07-26 16:14:52,2026-07-26 17:36:52,82,37.53,20.51
443,39,146,48,3,2026-08-24 00:42:52,2026-08-24 01:52:52,70,65.07,38.79
444,63,241,354,3,2026-09-09 06:58:52,2026-09-09 07:37:52,39,54.64,33.05
445,11,137,400,1,2026-06-18 22:28:52,2026-06-19 00:34:52,126,41.24,10.07
446,82,175,399,3,2026-08-31 00:09:52,2026-08-31 01:42:52,93,49.33,30.13
447,65,252,358,1,2026-07-09 16:09:52,2026-07-09 18:04:52,115,82.83,19.22
448,38,220,202,1,2026-06-29 16:27:52,2026-06-29 17:03:52,36,45.69,11.05
449,11,195,205,4,2026-08-15 01:55:52,2026-08-15 02:43:52,48,67.15,12.09
450,51,77,334,2,2026-08-23 18:41:52,2026-08-23 21:33:52,172,84.78,43.19
451,35,142,398,4,2026-08-05 22:49:52,2026-08-06 01:31:52,162,16.72,3.01
452,45,180,98,2,2026-07-22 23:44:52,2026-07-23 00:05:52,21,67.73,35.01
453,80,66,75,3,2026-08-06 14:05:52,2026-08-06 15:19:52,74,24.98,16.74
454,15,148,379,3,2026-06-17 19:45:52,2026-06-17 20:37:52,52,75.16,44.34
455,89,140,57,2,2026-07-21 02:36:52,2026-07-21 02:56:52,20,34.89,19.25
456,71,138,248,1,2026-08-30 11:15:52,2026-08-30 11:34:52,19,38.25,9.42
457,8,213,146,1,2026-07-07 10:45:52,2026-07-07 12:09:52,84,13.98,4.08
458,85,172,139,4,2026-09-04 09:29:52,2026-09-04 10:11:52,42,11.43,2.06
459,66,254,364,2,2026-06-23 22:37:52,2026-06-24 01:24:52,167,49.87,26.44
460,72,206,365,4,2026-06-13 13:21:52,2026-06-13 15:51:52,150,32.87,5.92
461,3,213,178,3,2026-09-06 23:28:52,2026-09-07 02:23:52,175,32.67,20.97
462,50,98,16,4,2026-08-21 20:20:52,2026-08-21 21:13:52,53,35.63,6.41
463,94,85,196,4,2026-08-17 09:45:52,2026-08-17 12:40:52,175,61.49,11.07
464,55,163,160,2,2026-08-27 22:34:52,2026-08-28 01:07:52,153,19.88,12.04
465,40,21,353,2,2026-08-17 16:33:52,2026-08-17 17:25:52,52,59.22,30.93
466,72,272,273,3,2026-06-26 17:26:52,2026-06-26 18:18:52,52,64.53,38.49
467,39,160,227,1,2026-09-01 11:23:52,2026-09-01 12:16:52,53,68.43,16.05
468,4,140,391,2,2026-08-29 07:23:52,2026-08-29 10:13:52,170,52.53,27.71
469,88,285,14,4,2026-07-26 14:50:52,2026-07-26 17:07:52,137,20.06,3.61
470,50,292,252,4,2026-08-10 16:16:52,2026-08-10 17:20:52,64,26.97,4.85
471,53,221,114,4,2026-09-04 18:54:52,2026-09-04 20:01:52,67,14.96,2.69
472,59,292,127,4,2026-08-05 00:55:52,2026-08-05 01:20:52,25,55.59,10.01
473,79,15,381,1,2026-08-24 07:40:52,2026-08-24 10:09:52,149,58.1,13.78
474,59,245,22,1,2026-07-13 04:40:52,2026-07-13 06:36:52,116,83.79,19.43
475,25,76,150,3,2026-08-07 01:02:52,2026-08-07 02:34:52,92,68.03,40.42
476,55,3,151,4,2026-08-28 13:50:52,2026-08-28 16:17:52,147,77.78,14.0
477,93,182,257,2,2026-06-25 17:55:52,2026-06-25 20:39:52,164,80.34,41.06
478,42,155,231,2,2026-06-14 17:35:52,2026-06-14 20:21:52,166,77.25,39.58
479,33,142,166,1,2026-09-08 09:04:52,2026-09-08 10:00:52,56,63.88,15.05
480,91,155,231,2,2026-08-31 23:11:52,2026-09-01 01:40:52,149,63.05,32.76
481,6,283,394,2,2026-07-02 22:42:52,2026-07-02 23:35:52,53,22.16,13.14
482,54,238,158,2,2026-07-21 11:55:52,2026-07-21 14:04:52,129,31.66,17.7
483,26,282,2,4,2026-08-29 20:06:52,2026-08-29 22:18:52,132,47.32,8.52
484,31,267,112,1,2026-08-26 09:36:52,2026-08-26 11:47:52,131,40.76,9.97
485,71,13,143,2,2026-08-30 08:41:52,2026-08-30 09:49:52,68,13.67,9.06
486,5,66,75,1,2026-06-16 09:42:52,2026-06-16 12:31:52,169,32.38,8.12
487,54,236,92,2,2026-07-02 09:24:52,2026-07-02 12:15:52,171,59.57,31.09
488,5,146,48,4,2026-07-19 22:29:52,2026-07-20 00:21:52,112,71.52,12.87
489,61,5,69,4,2026-06-27 11:01:52,2026-06-27 12:26:52,85,34.69,6.24
490,79,127,30,1,2026-06-25 06:52:52,2026-06-25 09:48:52,176,49.67,11.93
491,55,116,312,3,2026-07-21 20:39:52,2026-07-21 23:21:52,162,84.63,49.55
492,67,186,374,2,2026-08-31 03:37:52,2026-08-31 04:38:52,61,76.27,39.11
493,1,251,61,2,2026-06-15 02:46:52,2026-06-15 03:31:52,45,65.31,33.85
494,6,140,171,2,2026-07-26 05:57:52,2026-07-26 08:55:52,178,25.93,14.95
495,9,238,158,1,2026-07-20 04:41:52,2026-07-20 06:18:52,97,67.53,15.86
496,51,278,371,3,2026-08-23 07:07:52,2026-08-23 08:06:52,59,24.55,16.5
497,5,102,331,3,2026-06-29 03:15:52,2026-06-29 06:10:52,175,44.55,27.5
498,96,62,29,1,2026-08-16 21:42:52,2026-08-16 23:17:52,95,51.64,12.36
499,46,268,34,4,2026-06-30 20:59:52,2026-06-30 21:21:52,22,35.44,6.38
500,24,252,305,3,2026-06-25 21:51:52,2026-06-25 23:26:52,95,63.24,37.78
501,64,152,122,3,2026-07-29 02:59:52,2026-07-29 04:31:52,92,26.21,17.42
502,48,161,20,4,2026-07-06 14:34:52,2026-07-06 16:58:52,144,11.87,2.14
503,44,138,248,1,2026-08-17 21:55:52,2026-08-17 23:33:52,98,20.75,5.56
504,93,278,19,3,2026-08-09 00:51:52,2026-08-09 03:19:52,148,18.69,13.28
505,43,186,240,3,2026-06-16 15:39:52,2026-06-16 17:13:52,94,11.69,9.43
506,26,261,99,1,2026-07-17 20:40:52,2026-07-17 22:16:52,96,67.96,15.95
507,21,159,141,2,2026-06-25 12:45:52,2026-06-25 15:23:52,158,48.55,25.8
508,35,299,73,3,2026-07-18 06:21:52,2026-07-18 07:19:52,58,15.34,11.44
509,17,250,15,1,2026-08-11 09:09:52,2026-08-11 09:51:52,42,38.77,9.53
510,23,165,361,3,2026-08-27 06:46:52,2026-08-27 08:55:52,129,56.22,33.92
511,92,79,389,1,2026-09-05 05:11:52,2026-09-05 07:25:52,134,52.58,12.57
512,59,272,159,2,2026-09-07 08:51:52,2026-09-07 11:05:52,134,45.29,24.24
513,47,14,201,3,2026-07-05 11:04:52,2026-07-05 12:43:52,99,69.16,41.04
514,4,268,34,2,2026-08-10 15:28:52,2026-08-10 17:45:52,137,44.59,23.9
515,78,150,295,1,2026-06-28 04:12:52,2026-06-28 06:10:52,118,71.32,16.69
516,39,272,273,2,2026-08-10 00:43:52,2026-08-10 02:43:52,120,27.89,15.89
517,50,268,34,4,2026-07-24 18:58:52,2026-07-24 21:44:52,166,42.34,7.62
518,23,240,340,1,2026-09-04 14:53:52,2026-09-04 17:34:52,161,72.76,17.01
519,72,155,50,1,2026-08-06 17:25:52,2026-08-06 19:23:52,118,15.22,4.35
520,64,102,331,1,2026-09-03 13:11:52,2026-09-03 14:21:52,70,71.28,16.68
521,58,272,273,2,2026-07-19 00:45:52,2026-07-19 03:27:52,162,43.54,23.4
522,73,129,348,1,2026-07-20 01:51:52,2026-07-20 03:34:52,103,84.27,19.54
523,38,42,32,3,2026-07-29 05:09:52,2026-07-29 05:24:52,15,62.75,37.51
524,4,207,121,4,2026-08-06 10:43:52,2026-08-06 12:38:52,115,56.89,10.24
525,56,99,280,4,2026-07-09 09:17:52,2026-07-09 11:33:52,136,20.43,3.68
526,20,197,148,1,2026-09-04 16:14:52,2026-09-04 16:31:52,17,15.38,4.38
527,85,59,224,4,2026-06-28 14:14:52,2026-06-28 17:13:52,179,70.45,12.68
528,59,98,261,2,2026-08-05 05:58:52,2026-08-05 08:08:52,130,38.85,21.15
529,78,277,4,3,2026-08-24 04:00:52,2026-08-24 05:15:52,75,63.41,37.88
530,5,161,20,4,2026-08-23 03:51:52,2026-08-23 05:40:52,109,18.49,3.33
531,94,256,375,1,2026-08-17 20:35:52,2026-08-17 23:02:52,147,15.87,4.49
532,81,249,380,3,2026-09-04 09:10:52,2026-09-04 12:07:52,177,50.44,30.74
533,69,175,399,3,2026-06-13 03:35:52,2026-06-13 06:01:52,146,77.95,45.87
534,38,205,149,3,2026-07-02 13:50:52,2026-07-02 16:37:52,167,66.21,39.42
535,75,128,87,1,2026-08-23 13:48:52,2026-08-23 15:17:52,89,70.67,16.55
536,11,171,65,3,2026-08-14 15:00:52,2026-08-14 16:26:52,86,28.9,18.9
537,2,249,380,4,2026-06-26 07:17:52,2026-06-26 10:03:52,166,65.42,11.78
538,34,241,359,3,2026-07-12 03:17:52,2026-07-12 05:47:52,150,74.65,44.06
539,77,128,79,4,2026-08-14 01:55:52,2026-08-14 03:48:52,113,27.85,5.01
540,74,227,376,1,2026-07-25 13:47:52,2026-07-25 15:09:52,82,66.66,15.67
541,60,195,205,4,2026-08-10 21:36:52,2026-08-11 00:07:52,151,27.52,4.95
542,19,243,272,3,2026-08-05 12:24:52,2026-08-05 14:33:52,129,38.65,24.26
543,69,148,327,3,2026-07-27 01:45:52,2026-07-27 03:09:52,84,35.12,22.32
544,84,246,300,2,2026-08-01 02:55:52,2026-08-01 04:11:52,76,65.07,33.73
545,41,62,281,1,2026-06-13 09:06:52,2026-06-13 09:38:52,32,10.9,3.4
546,45,101,113,1,2026-07-17 20:18:52,2026-07-17 20:41:52,23,11.78,3.59
547,77,148,327,2,2026-06-27 10:13:52,2026-06-27 10:50:52,37,74.23,38.13
548,15,224,357,1,2026-07-04 20:24:52,2026-07-04 22:38:52,134,59.54,14.1
549,99,65,219,1,2026-09-08 09:55:52,2026-09-08 11:32:52,97,29.3,7.45
550,49,202,199,1,2026-07-23 13:22:52,2026-07-23 14:44:52,82,23.34,6.13
551,79,220,202,4,2026-07-04 08:37:52,2026-07-04 09:19:52,42,20.79,3.74
552,57,46,367,3,2026-07-14 15:08:52,2026-07-14 15:41:52,33,15.28,11.4
553,64,21,77,3,2026-09-03 08:06:52,2026-09-03 08:30:52,24,59.85,35.92
554,51,150,295,4,2026-06-12 04:51:52,2026-06-12 07:11:52,140,45.86,8.25
555,1,66,197,3,2026-09-08 03:13:52,2026-09-08 05:53:52,160,50.15,30.58
556,52,62,29,3,2026-08-31 08:11:52,2026-08-31 09:59:52,108,50.1,30.56
557,98,125,393,4,2026-07-19 08:18:52,2026-07-19 09:18:52,60,51.59,9.29
558,90,289,200,4,2026-06-25 08:50:52,2026-06-25 10:36:52,106,46.49,8.37
559,5,261,99,1,2026-06-15 11:43:52,2026-06-15 12:59:52,76,46.69,11.27
560,69,155,231,1,2026-06-13 13:27:52,2026-06-13 13:56:52,29,35.33,8.77
561,28,73,335,2,2026-09-05 04:35:52,2026-09-05 07:07:52,152,21.17,12.66
562,95,299,73,1,2026-08-13 08:07:52,2026-08-13 10:22:52,135,78.04,18.17
563,2,56,89,1,2026-08-30 14:03:52,2026-08-30 15:36:52,93,71.56,16.74
564,76,299,33,2,2026-06-24 15:37:52,2026-06-24 18:24:52,167,69.94,36.07
565,55,42,173,2,2026-09-06 00:26:52,2026-09-06 01:11:52,45,83.19,42.43
566,98,30,24,2,2026-08-25 17:27:52,2026-08-25 17:58:52,31,19.06,11.65
567,90,113,190,1,2026-08-20 17:34:52,2026-08-20 18:51:52,77,79.43,18.47
568,81,227,314,1,2026-07-29 17:07:52,2026-07-29 19:26:52,139,16.05,4.53
569,91,77,334,2,2026-08-25 21:32:52,2026-08-25 23:48:52,136,61.93,32.23
570,67,155,231,2,2026-08-02 19:17:52,2026-08-02 22:08:52,171,61.88,32.2
571,81,26,155,1,2026-07-26 01:06:52,2026-07-26 03:43:52,157,27.67,7.09
572,98,233,277,3,2026-08-14 19:35:52,2026-08-14 22:30:52,175,59.45,35.7
573,15,21,77,1,2026-09-07 03:37:52,2026-09-07 04:37:52,60,21.98,5.84
574,37,198,108,4,2026-08-05 20:27:52,2026-08-05 23:19:52,172,70.39,12.67
575,95,35,27,1,2026-08-18 17:16:52,2026-08-18 17:38:52,22,46.38,11.2
576,93,193,228,3,2026-08-26 06:26:52,2026-08-26 08:28:52,122,24.91,16.7
577,42,64,117,4,2026-06-23 19:53:52,2026-06-23 21:53:52,120,75.24,13.54
578,61,246,300,4,2026-08-12 14:02:52,2026-08-12 16:08:52,126,20.87,3.76
579,48,39,70,3,2026-08-09 11:18:52,2026-08-09 14:14:52,176,36.89,23.29
580,17,112,17,4,2026-09-08 06:09:52,2026-09-08 07:35:52,86,20.24,3.64
581,22,150,390,2,2026-07-24 20:02:52,2026-07-24 21:32:52,90,55.27,29.03
582,53,151,268,3,2026-08-12 18:43:52,2026-08-12 20:59:52,136,72.77,43.02
583,95,292,127,2,2026-07-12 22:33:52,2026-07-13 01:16:52,163,26.68,15.31
584,6,26,21,4,2026-08-11 11:55:52,2026-08-11 14:19:52,144,12.52,2.25
585,58,15,254,4,2026-07-11 14:41:52,2026-07-11 14:59:52,18,61.99,11.16
586,46,218,152,3,2026-07-12 08:11:52,2026-07-12 08:30:52,19,45.98,28.29
587,74,82,383,4,2026-08-24 12:35:52,2026-08-24 14:48:52,133,67.89,12.22
588,81,216,238,3,2026-08-31 13:01:52,2026-08-31 15:56:52,175,15.3,11.42
589,55,48,386,2,2026-07-16 10:45:52,2026-07-16 13:18:52,153,53.14,28.01
590,95,62,29,3,2026-08-16 09:29:52,2026-08-16 09:57:52,28,18.32,13.08
591,47,215,188,2,2026-07-04 08:41:52,2026-07-04 09:13:52,32,52.06,27.49
592,31,233,277,2,2026-06-26 08:36:52,2026-06-26 11:19:52,163,75.33,38.66
593,46,44,137,3,2026-08-15 09:33:52,2026-08-15 10:58:52,85,14.08,10.74
594,63,182,257,3,2026-08-17 15:36:52,2026-08-17 18:07:52,151,60.87,36.48
595,87,227,355,4,2026-06-19 19:03:52,2026-06-19 21:15:52,132,16.55,2.98
596,10,284,56,2,2026-07-02 20:13:52,2026-07-02 21:05:52,52,47.22,25.17
597,54,295,350,1,2026-08-19 16:36:52,2026-08-19 18:19:52,103,41.51,10.13
598,9,233,12,3,2026-07-11 04:47:52,2026-07-11 06:27:52,100,40.88,25.48
599,76,156,341,3,2026-09-09 04:59:52,2026-09-09 07:34:52,155,43.39,26.86
600,22,110,134,1,2026-07-11 03:29:52,2026-07-11 04:57:52,88,67.73,15.9
601,37,273,234,3,2026-07-03 08:05:52,2026-07-03 09:01:52,56,63.39,37.86
602,91,227,355,3,2026-09-04 16:16:52,2026-09-04 17:31:52,75,18.77,13.32
603,34,113,190,3,2026-07-04 18:41:52,2026-07-04 19:04:52,23,59.92,35.96
604,58,233,277,4,2026-07-02 05:25:52,2026-07-02 06:11:52,46,79.03,14.23
605,59,244,164,3,2026-06-30 12:53:52,2026-06-30 15:27:52,154,83.17,48.74
606,38,59,387,4,2026-08-24 09:15:52,2026-08-24 11:54:52,159,64.64,11.64
607,94,276,246,1,2026-06-16 16:49:52,2026-06-16 19:25:52,156,18.77,5.13
608,58,300,183,2,2026-06-22 22:09:52,2026-06-23 00:59:52,170,58.1,30.39
609,3,38,43,4,2026-08-19 02:49:52,2026-08-19 03:26:52,37,83.19,14.97
610,41,156,309,4,2026-08-28 04:09:52,2026-08-28 05:56:52,107,39.82,7.17
611,48,249,7,1,2026-07-17 23:28:52,2026-07-18 01:01:52,93,83.31,19.33
612,95,180,213,4,2026-08-06 21:16:52,2026-08-06 23:19:52,123,64.65,11.64
613,19,262,107,1,2026-07-20 04:01:52,2026-07-20 06:30:52,149,84.0,19.48
614,1,42,210,2,2026-08-31 20:32:52,2026-08-31 21:31:52,59,51.69,27.31
615,49,205,149,3,2026-08-21 03:08:52,2026-08-21 04:40:52,92,72.59,42.92
616,29,285,14,4,2026-06-11 16:22:52,2026-06-11 17:53:52,91,81.7,14.71
617,54,236,92,3,2026-08-13 10:47:52,2026-08-13 12:04:52,77,12.13,9.67
618,77,123,382,3,2026-07-28 06:36:52,2026-07-28 09:15:52,159,42.71,26.49
619,48,209,263,1,2026-08-23 13:00:52,2026-08-23 14:21:52,81,22.21,5.89
620,60,227,355,4,2026-06-28 23:16:52,2026-06-28 23:44:52,28,30.45,5.48
621,38,76,150,2,2026-08-18 09:05:52,2026-08-18 09:39:52,34,48.54,25.8
622,70,142,166,3,2026-07-22 09:57:52,2026-07-22 11:29:52,92,30.36,19.7
623,19,249,7,4,2026-06-29 04:24:52,2026-06-29 06:14:52,110,68.41,12.31
624,14,267,112,1,2026-07-01 04:20:52,2026-07-01 05:23:52,63,69.63,16.32
625,10,136,60,3,2026-06-27 12:36:52,2026-06-27 14:20:52,104,33.37,21.35
626,77,151,268,1,2026-07-24 17:51:52,2026-07-24 19:23:52,92,12.16,3.68
627,89,299,73,1,2026-09-07 19:25:52,2026-09-07 20:12:52,47,25.74,6.66
628,10,195,10,1,2026-08-12 01:08:52,2026-08-12 02:13:52,65,18.09,4.98
629,33,272,23,1,2026-06-19 21:48:52,2026-06-19 22:05:52,17,66.59,15.65
630,24,253,344,3,2026-07-25 12:11:52,2026-07-25 13:03:52,52,73.44,43.39
631,21,182,257,1,2026-08-28 19:38:52,2026-08-28 22:18:52,160,15.13,4.33
632,37,82,88,4,2026-08-18 12:52:52,2026-08-18 13:32:52,40,79.32,14.28
633,57,42,345,4,2026-06-24 17:59:52,2026-06-24 19:44:52,105,83.6,15.05
634,53,108,58,4,2026-07-21 15:35:52,2026-07-21 16:18:52,43,48.98,8.82
635,72,264,370,3,2026-06-16 14:26:52,2026-06-16 16:47:52,141,18.68,13.27
636,88,193,228,4,2026-07-10 05:32:52,2026-07-10 07:01:52,89,83.87,15.1
637,61,129,348,4,2026-07-28 17:06:52,2026-07-28 19:26:52,140,60.41,10.87
638,16,76,74,2,2026-08-01 00:50:52,2026-08-01 03:36:52,166,83.32,42.49
639,26,78,174,4,2026-07-07 08:00:52,2026-07-07 09:58:52,118,19.21,3.46
640,98,19,366,3,2026-08-25 06:23:52,2026-08-25 09:22:52,179,80.74,47.41
641,63,124,262,3,2026-07-16 16:55:52,2026-07-16 19:06:52,131,18.1,12.96
642,30,283,322,4,2026-06-28 12:12:52,2026-06-28 12:40:52,28,72.27,13.01
643,49,128,310,1,2026-09-05 22:15:52,2026-09-05 23:47:52,92,56.65,13.46
644,60,20,104,3,2026-07-19 09:37:52,2026-07-19 11:57:52,140,47.86,29.32
645,56,251,61,1,2026-07-31 02:26:52,2026-07-31 04:17:52,111,43.19,10.5
646,72,292,338,3,2026-07-20 10:16:52,2026-07-20 12:36:52,140,42.3,26.26
647,98,140,57,4,2026-08-23 09:37:52,2026-08-23 12:13:52,156,61.4,11.05
648,65,62,29,3,2026-07-31 20:37:52,2026-07-31 23:23:52,166,82.82,48.55
649,8,250,15,1,2026-08-25 13:14:52,2026-08-25 15:02:52,108,36.17,8.96
650,13,59,220,2,2026-07-25 23:32:52,2026-07-26 01:16:52,104,14.23,9.33
651,83,163,160,1,2026-08-25 15:04:52,2026-08-25 15:35:52,31,75.17,17.54
652,3,181,276,4,2026-07-22 13:35:52,2026-07-22 15:38:52,123,52.6,9.47
653,90,236,241,3,2026-08-25 12:26:52,2026-08-25 14:17:52,111,52.78,32.03
654,13,241,354,3,2026-09-05 18:27:52,2026-09-05 20:49:52,142,47.71,29.24
655,47,59,224,2,2026-07-07 03:46:52,2026-07-07 04:20:52,34,73.03,37.55
656,7,91,153,1,2026-08-24 00:57:52,2026-08-24 02:09:52,72,56.84,13.5
657,35,134,35,1,2026-08-23 04:36:52,2026-08-23 06:40:52,124,25.73,6.66
658,56,240,340,4,2026-08-19 22:18:52,2026-08-20 00:19:52,121,40.17,7.23
659,81,165,361,4,2026-08-16 17:42:52,2026-08-16 20:04:52,142,25.97,4.67
660,73,97,373,2,2026-08-30 13:39:52,2026-08-30 14:45:52,66,37.32,20.41
661,96,11,351,1,2026-07-20 01:32:52,2026-07-20 03:08:52,96,74.51,17.39
662,35,295,147,2,2026-09-01 17:22:52,2026-09-01 20:10:52,168,27.71,15.8
663,25,250,15,4,2026-07-12 21:35:52,2026-07-12 23:54:52,139,51.99,9.36
664,26,80,82,3,2026-07-15 16:07:52,2026-07-15 17:28:52,81,69.23,41.08
665,93,126,249,3,2026-06-13 14:01:52,2026-06-13 14:37:52,36,33.54,21.45
666,47,253,344,1,2026-09-03 14:31:52,2026-09-03 15:21:52,50,27.7,7.09
667,12,152,122,4,2026-08-26 15:55:52,2026-08-26 17:30:52,95,34.7,6.25
668,28,76,74,3,2026-06-24 17:19:52,2026-06-24 18:44:52,85,42.96,26.63
669,69,224,192,2,2026-09-08 15:26:52,2026-09-08 18:00:52,154,41.78,22.55
670,47,268,244,1,2026-07-28 21:07:52,2026-07-29 00:07:52,180,82.51,19.15
671,33,95,283,1,2026-07-30 21:46:52,2026-07-30 23:33:52,107,77.74,18.1
672,50,48,5,2,2026-07-31 20:25:52,2026-07-31 21:03:52,38,80.22,41.01
673,21,160,225,1,2026-08-30 23:02:52,2026-08-31 02:01:52,179,40.47,9.9
674,100,292,252,1,2026-08-11 11:32:52,2026-08-11 13:12:52,100,63.8,15.04
675,65,268,34,4,2026-07-27 01:44:52,2026-07-27 04:19:52,155,65.33,11.76
676,83,233,329,4,2026-07-05 08:34:52,2026-07-05 11:33:52,179,20.21,3.64
677,41,150,295,2,2026-06-21 15:16:52,2026-06-21 16:34:52,78,48.73,25.89
678,58,139,245,3,2026-06-28 20:17:52,2026-06-28 23:03:52,166,72.01,42.61
679,54,280,189,2,2026-07-05 01:02:52,2026-07-05 02:53:52,111,80.86,41.31
680,72,59,332,2,2026-08-29 08:20:52,2026-08-29 08:57:52,37,83.06,42.37
681,7,109,206,3,2026-08-30 01:44:52,2026-08-30 03:05:52,81,21.19,14.65
682,2,130,368,4,2026-08-18 01:55:52,2026-08-18 04:06:52,131,72.04,12.97
683,92,223,105,4,2026-07-05 20:24:52,2026-07-05 22:45:52,141,38.66,6.96
684,37,97,373,2,2026-09-05 18:32:52,2026-09-05 19:33:52,61,40.64,22.01
685,34,207,121,4,2026-08-30 03:04:52,2026-08-30 04:22:52,78,37.72,6.79
686,61,5,69,4,2026-07-23 10:31:52,2026-07-23 11:40:52,69,63.5,11.43
687,13,269,286,3,2026-06-18 13:27:52,2026-06-18 14:42:52,75,45.32,27.93
688,33,142,259,2,2026-08-30 00:25:52,2026-08-30 02:21:52,116,60.34,31.46
689,34,128,87,2,2026-08-15 04:05:52,2026-08-15 05:46:52,101,75.84,38.9
690,91,243,272,2,2026-08-05 16:22:52,2026-08-05 17:06:52,44,33.5,18.58
691,96,195,185,3,2026-08-05 22:03:52,2026-08-05 23:25:52,82,55.97,33.78
692,22,281,162,1,2026-08-12 16:41:52,2026-08-12 19:38:52,177,69.87,16.37
693,7,154,118,4,2026-07-04 13:36:52,2026-07-04 14:57:52,81,22.27,4.01
694,64,26,21,4,2026-08-06 23:51:52,2026-08-07 02:29:52,158,46.39,8.35
695,16,170,179,2,2026-06-22 19:01:52,2026-06-22 20:28:52,87,23.55,13.8
696,75,26,3,2,2026-08-18 06:17:52,2026-08-18 08:18:52,121,79.03,40.43
697,43,285,14,1,2026-07-18 09:49:52,2026-07-18 10:35:52,46,39.56,9.7
698,4,289,42,3,2026-08-09 10:48:52,2026-08-09 13:05:52,137,44.05,27.23
699,6,31,336,1,2026-08-30 02:26:52,2026-08-30 05:06:52,160,19.7,5.33
700,8,15,381,3,2026-06-21 05:44:52,2026-06-21 07:36:52,112,16.94,12.32
701,99,195,205,4,2026-06-22 13:00:52,2026-06-22 14:08:52,68,22.22,4.0
702,16,91,153,2,2026-08-13 01:53:52,2026-08-13 03:27:52,94,77.78,39.83
703,48,209,263,4,2026-07-07 03:34:52,2026-07-07 05:28:52,114,45.73,8.23
704,48,220,315,3,2026-07-05 01:46:52,2026-07-05 03:50:52,124,16.97,12.33
705,83,138,352,1,2026-07-01 03:39:52,2026-07-01 06:35:52,176,58.54,13.88
706,56,5,41,3,2026-08-11 21:15:52,2026-08-11 22:02:52,47,61.32,36.73
707,38,274,292,4,2026-06-18 05:10:52,2026-06-18 05:36:52,26,48.51,8.73
708,60,225,339,1,2026-08-22 20:28:52,2026-08-22 21:48:52,80,53.92,12.86
709,23,115,94,3,2026-07-31 13:11:52,2026-07-31 15:12:52,121,75.76,44.67
710,97,253,344,2,2026-08-08 07:57:52,2026-08-08 09:19:52,82,35.6,19.59
711,11,82,383,1,2026-08-27 21:01:52,2026-08-27 21:43:52,42,42.53,10.36
712,15,249,7,4,2026-07-03 08:36:52,2026-07-03 10:48:52,132,61.89,11.14
713,89,42,345,2,2026-09-08 09:31:52,2026-09-08 11:03:52,92,16.57,10.45
714,15,31,9,2,2026-09-08 19:00:52,2026-09-08 19:21:52,21,25.69,14.83
715,81,181,276,4,2026-07-05 14:25:52,2026-07-05 16:38:52,133,21.11,3.8
716,22,128,79,4,2026-09-09 02:37:52,2026-09-09 04:52:52,135,11.47,2.06
717,38,274,292,4,2026-07-31 13:27:52,2026-07-31 13:44:52,17,17.7,3.19
718,95,252,297,4,2026-08-27 11:41:52,2026-08-27 13:10:52,89,12.78,2.3
719,30,19,366,1,2026-06-19 04:07:52,2026-06-19 06:10:52,123,53.23,12.71
720,61,136,60,4,2026-08-14 07:47:52,2026-08-14 09:30:52,103,43.62,7.85
721,37,212,372,2,2026-07-06 03:28:52,2026-07-06 05:35:52,127,27.41,15.66
722,17,3,151,2,2026-07-31 01:59:52,2026-07-31 03:46:52,107,69.7,35.96
723,89,283,384,2,2026-06-23 09:36:52,2026-06-23 10:24:52,48,23.0,13.54
724,54,195,253,1,2026-07-19 19:19:52,2026-07-19 21:56:52,157,13.53,3.98
725,46,166,347,1,2026-07-01 17:58:52,2026-07-01 20:21:52,143,12.4,3.73
726,15,31,317,3,2026-07-10 15:41:52,2026-07-10 16:53:52,72,46.48,28.56
727,99,269,286,1,2026-07-15 17:00:52,2026-07-15 19:26:52,146,55.32,13.17
728,59,59,387,1,2026-06-25 15:56:52,2026-06-25 18:47:52,171,55.72,13.26
729,22,81,323,3,2026-06-26 19:04:52,2026-06-26 20:51:52,107,21.78,14.98
730,94,271,51,1,2026-07-01 08:29:52,2026-07-01 10:09:52,100,71.44,16.72
731,54,283,394,2,2026-06-11 19:59:52,2026-06-11 22:15:52,136,35.6,19.59
732,48,46,367,4,2026-08-03 23:46:52,2026-08-04 01:03:52,77,21.37,3.85
733,55,277,212,3,2026-08-03 03:00:52,2026-08-03 05:27:52,147,69.6,41.28
734,19,197,395,1,2026-06-13 10:57:52,2026-06-13 13:24:52,147,80.77,18.77
735,52,261,396,2,2026-07-03 01:09:52,2026-07-03 03:04:52,115,66.94,34.63
736,54,109,206,3,2026-09-07 10:41:52,2026-09-07 12:13:52,92,64.12,38.27
737,36,298,271,2,2026-08-28 16:50:52,2026-08-28 18:48:52,118,43.46,23.36
738,84,195,208,4,2026-07-06 21:11:52,2026-07-06 21:35:52,24,50.31,9.06
739,28,146,48,2,2026-08-16 05:25:52,2026-08-16 07:53:52,148,35.55,19.56
740,70,34,304,1,2026-07-14 19:59:52,2026-07-14 21:31:52,92,64.49,15.19
741,34,283,322,1,2026-08-14 23:13:52,2026-08-14 23:40:52,27,66.74,15.68
742,74,282,378,2,2026-06-12 02:27:52,2026-06-12 03:42:52,75,70.4,36.29
743,37,207,342,2,2026-08-24 09:14:52,2026-08-24 11:05:52,111,48.97,26.01
744,67,146,299,4,2026-07-05 23:35:52,2026-07-06 00:15:52,40,20.99,3.78
745,12,42,32,3,2026-08-04 16:36:52,2026-08-04 17:45:52,69,43.46,26.9
746,34,246,300,4,2026-08-14 08:33:52,2026-08-14 10:40:52,127,61.68,11.1
747,19,142,259,1,2026-06-28 03:51:52,2026-06-28 06:03:52,132,19.7,5.33
748,61,112,17,4,2026-07-02 05:29:52,2026-07-02 06:14:52,45,55.12,9.92
749,48,141,293,3,2026-07-18 13:39:52,2026-07-18 14:33:52,54,18.83,13.36
750,38,126,249,3,2026-06-14 16:15:52,2026-06-14 19:00:52,165,41.63,25.9
751,24,148,379,1,2026-08-12 12:13:52,2026-08-12 14:48:52,155,36.15,8.95
752,74,272,159,4,2026-08-23 03:03:52,2026-08-23 04:44:52,101,68.6,12.35
753,65,17,326,3,2026-08-09 02:48:52,2026-08-09 04:57:52,129,21.17,14.64
754,50,210,120,4,2026-07-31 22:40:52,2026-07-31 23:06:52,26,81.86,14.73
755,22,169,363,1,2026-06-15 06:46:52,2026-06-15 08:20:52,94,52.08,12.46
756,80,157,278,4,2026-08-23 13:42:52,2026-08-23 16:10:52,148,24.2,4.36
757,85,272,273,4,2026-07-04 12:23:52,2026-07-04 13:30:52,67,28.4,5.11
758,52,27,302,2,2026-06-17 04:01:52,2026-06-17 04:21:52,20,35.5,19.54
759,68,82,163,2,2026-07-29 20:11:52,2026-07-29 20:55:52,44,83.48,42.57
760,24,221,131,1,2026-06-22 16:25:52,2026-06-22 18:24:52,119,60.9,14.4
761,4,19,366,4,2026-06-18 21:30:52,2026-06-18 22:10:52,40,34.0,6.12
762,49,27,62,4,2026-06-17 18:21:52,2026-06-17 21:08:52,167,53.95,9.71
763,35,42,32,1,2026-07-22 02:41:52,2026-07-22 04:40:52,119,14.91,4.28
764,3,264,138,2,2026-08-21 06:49:52,2026-08-21 07:29:52,40,28.47,16.17
765,58,38,43,2,2026-09-01 04:19:52,2026-09-01 05:10:52,51,38.0,20.74
766,72,62,232,3,2026-06-16 12:58:52,2026-06-16 15:11:52,133,82.08,48.14
767,8,239,247,2,2026-07-16 07:22:52,2026-07-16 09:14:52,112,84.94,43.27
768,21,148,379,1,2026-08-19 06:10:52,2026-08-19 07:41:52,91,16.73,4.68
769,56,198,108,3,2026-08-29 04:57:52,2026-08-29 06:33:52,96,76.29,44.96
770,35,90,126,3,2026-09-03 22:27:52,2026-09-03 23:35:52,68,44.48,27.46
771,83,282,2,4,2026-08-28 03:06:52,2026-08-28 03:23:52,17,60.45,10.88
772,69,289,42,4,2026-09-03 08:10:52,2026-09-03 10:42:52,152,12.32,2.22
773,49,77,308,3,2026-07-27 00:17:52,2026-07-27 00:34:52,17,19.36,13.65
774,2,221,114,3,2026-06-13 20:49:52,2026-06-13 22:35:52,106,24.36,16.4
775,64,4,186,2,2026-06-15 20:37:52,2026-06-15 23:27:52,170,25.68,14.83
776,36,274,292,2,2026-08-15 03:16:52,2026-08-15 05:52:52,156,24.53,14.27
777,96,268,34,3,2026-06-27 21:05:52,2026-06-27 23:45:52,160,74.16,43.79
778,89,129,348,1,2026-08-19 07:22:52,2026-08-19 10:00:52,158,76.23,17.77
779,42,132,222,3,2026-08-02 20:13:52,2026-08-02 22:40:52,147,44.99,27.74
780,7,13,143,2,2026-08-04 05:34:52,2026-08-04 07:09:52,95,10.39,7.49
781,74,217,13,2,2026-07-10 10:33:52,2026-07-10 11:07:52,34,78.77,40.31
782,40,299,33,1,2026-08-31 08:12:52,2026-08-31 08:34:52,22,46.0,11.12
783,32,284,56,2,2026-08-10 19:27:52,2026-08-10 19:55:52,28,71.62,36.88
784,98,225,49,1,2026-08-31 02:43:52,2026-08-31 03:29:52,46,16.42,4.61
785,41,93,356,4,2026-06-19 16:09:52,2026-06-19 18:17:52,128,14.11,2.54
786,87,62,29,4,2026-08-21 13:24:52,2026-08-21 15:16:52,112,40.13,7.22
787,59,66,197,3,2026-08-10 02:02:52,2026-08-10 04:55:52,173,56.44,34.04
788,67,226,169,1,2026-08-25 18:12:52,2026-08-25 18:53:52,41,10.92,3.4
789,82,98,261,4,2026-07-13 23:32:52,2026-07-14 01:50:52,138,64.35,11.58
790,18,272,23,3,2026-06-18 16:25:52,2026-06-18 19:09:52,164,42.69,26.48
791,19,236,241,1,2026-07-21 07:27:52,2026-07-21 08:56:52,89,37.66,9.29
792,31,6,260,2,2026-08-21 13:33:52,2026-08-21 15:16:52,103,24.66,14.34
793,44,36,97,3,2026-09-05 03:50:52,2026-09-05 06:04:52,134,54.98,33.24
794,54,226,169,1,2026-07-01 15:35:52,2026-07-01 16:00:52,25,47.19,11.38
795,60,42,320,4,2026-07-08 19:36:52,2026-07-08 21:15:52,99,70.55,12.7
796,24,277,4,1,2026-07-27 12:10:52,2026-07-27 13:56:52,106,12.25,3.7
797,57,275,100,1,2026-08-31 07:04:52,2026-08-31 08:51:52,107,13.29,3.92
798,37,20,90,2,2026-07-09 20:52:52,2026-07-09 21:51:52,59,35.49,19.54
799,3,114,91,1,2026-07-14 15:07:52,2026-07-14 15:57:52,50,38.42,9.45
800,40,273,234,4,2026-07-11 23:57:52,2026-07-12 01:47:52,110,59.57,10.72
801,19,227,67,3,2026-07-05 18:40:52,2026-07-05 20:31:52,111,62.08,37.14
802,6,140,391,2,2026-08-29 06:18:52,2026-08-29 08:50:52,152,32.06,17.89
803,7,81,323,4,2026-07-16 17:00:52,2026-07-16 19:25:52,145,82.63,14.87
804,61,240,340,3,2026-08-28 14:16:52,2026-08-28 16:41:52,145,39.11,24.51
805,23,133,165,4,2026-07-29 04:50:52,2026-07-29 07:08:52,138,63.67,11.46
806,75,109,206,2,2026-09-01 06:47:52,2026-09-01 07:11:52,24,25.54,14.76
807,51,267,112,3,2026-07-21 02:02:52,2026-07-21 03:53:52,111,52.85,32.07
808,18,283,385,1,2026-06-21 21:34:52,2026-06-22 00:01:52,147,36.37,9.0
809,55,155,231,3,2026-08-10 01:32:52,2026-08-10 03:21:52,109,70.34,41.69
810,4,236,92,1,2026-08-06 19:22:52,2026-08-06 22:22:52,180,15.69,4.45
811,36,64,117,2,2026-06-23 15:10:52,2026-06-23 16:57:52,107,12.87,8.68
812,87,226,169,2,2026-07-13 21:53:52,2026-07-13 23:18:52,85,24.3,14.16
813,99,266,154,1,2026-07-17 23:56:52,2026-07-18 01:54:52,118,80.94,18.81
814,51,64,117,4,2026-07-11 11:53:52,2026-07-11 13:01:52,68,45.58,8.2
815,11,259,161,4,2026-07-06 01:55:52,2026-07-06 03:56:52,121,25.72,4.63
816,18,65,296,3,2026-06-27 21:53:52,2026-06-27 22:10:52,17,47.49,29.12
817,54,79,218,1,2026-09-07 00:54:52,2026-09-07 03:26:52,152,32.47,8.14
818,20,147,170,4,2026-08-23 08:57:52,2026-08-23 11:46:52,169,78.53,14.14
819,51,299,33,4,2026-08-19 00:18:52,2026-08-19 02:34:52,136,18.15,3.27
820,22,136,54,4,2026-09-06 05:17:52,2026-09-06 05:40:52,23,71.99,12.96
821,26,161,36,1,2026-07-30 21:19:52,2026-07-30 22:33:52,74,31.83,8.0
822,48,252,266,1,2026-06-12 17:26:52,2026-06-12 19:26:52,120,39.33,9.65
823,62,15,381,2,2026-06-20 01:03:52,2026-06-20 02:10:52,67,19.74,11.98
824,91,156,341,2,2026-08-10 17:44:52,2026-08-10 20:26:52,162,80.44,41.11
825,26,277,4,2,2026-06-30 02:10:52,2026-06-30 04:07:52,117,55.36,29.07
826,59,175,237,4,2026-08-23 13:53:52,2026-08-23 14:31:52,38,31.59,5.69
827,51,227,314,4,2026-07-04 01:21:52,2026-07-04 02:21:52,60,77.5,13.95
828,85,115,94,1,2026-09-09 06:12:52,2026-09-09 08:07:52,115,62.4,14.73
829,36,283,322,2,2026-08-18 21:48:52,2026-08-18 22:20:52,32,62.35,32.43
830,98,111,284,3,2026-06-26 23:10:52,2026-06-26 23:51:52,41,47.83,29.31
831,22,147,130,4,2026-07-08 04:08:52,2026-07-08 06:21:52,133,12.0,2.16
832,96,195,205,2,2026-07-06 00:08:52,2026-07-06 00:25:52,17,28.8,16.32
833,63,175,237,4,2026-06-19 14:41:52,2026-06-19 15:58:52,77,63.52,11.43
834,36,84,83,1,2026-07-02 12:44:52,2026-07-02 13:24:52,40,23.29,6.12
835,10,253,344,2,2026-06-13 09:23:52,2026-06-13 10:17:52,54,43.05,23.16
836,87,272,273,1,2026-07-09 02:50:52,2026-07-09 03:17:52,27,72.74,17.0
837,57,35,27,2,2026-08-26 12:09:52,2026-08-26 14:00:52,111,67.53,34.91
838,26,126,47,2,2026-06-14 01:07:52,2026-06-14 01:25:52,18,35.28,19.43
839,13,156,341,1,2026-07-03 11:16:52,2026-07-03 11:42:52,26,41.18,10.06
840,72,123,321,4,2026-07-06 07:19:52,2026-07-06 09:52:52,153,39.63,7.13
841,28,55,55,3,2026-07-26 22:17:52,2026-07-26 22:35:52,18,40.16,25.09
842,28,190,235,3,2026-07-09 14:48:52,2026-07-09 16:14:52,86,58.75,35.31
843,28,10,211,2,2026-07-20 07:37:52,2026-07-20 08:18:52,41,63.44,32.95
844,77,249,167,3,2026-08-31 10:30:52,2026-08-31 11:19:52,49,34.9,22.2
845,43,195,10,2,2026-08-28 06:34:52,2026-08-28 08:26:52,112,48.33,25.7
846,3,292,316,1,2026-06-26 21:21:52,2026-06-26 23:25:52,124,66.79,15.69
847,48,250,256,1,2026-07-18 18:15:52,2026-07-18 20:06:52,111,25.33,6.57
848,95,226,169,1,2026-06-28 20:26:52,2026-06-28 23:25:52,179,69.02,16.18
849,97,217,13,1,2026-07-11 11:27:52,2026-07-11 13:09:52,102,28.17,7.2
850,78,85,196,1,2026-08-16 22:17:52,2026-08-17 00:25:52,128,57.23,13.59
851,25,35,27,2,2026-08-31 16:19:52,2026-08-31 17:06:52,47,16.88,10.6
852,55,212,372,2,2026-08-09 21:16:52,2026-08-09 22:21:52,65,28.37,16.12
853,37,65,296,4,2026-08-08 08:18:52,2026-08-08 09:42:52,84,74.68,13.44
854,51,173,194,4,2026-07-03 03:34:52,2026-07-03 05:37:52,123,47.9,8.62
855,3,140,391,3,2026-07-30 02:00:52,2026-07-30 02:36:52,36,66.91,39.8
856,33,208,195,4,2026-08-09 21:35:52,2026-08-09 23:02:52,87,38.14,6.87
857,18,46,367,3,2026-08-10 18:15:52,2026-08-10 19:18:52,63,10.31,8.67
858,54,237,203,1,2026-07-29 00:37:52,2026-07-29 02:10:52,93,58.08,13.78
859,16,274,198,3,2026-08-22 17:18:52,2026-08-22 19:24:52,126,81.78,47.98
860,90,127,30,2,2026-09-03 01:05:52,2026-09-03 03:08:52,123,65.17,33.78
861,47,210,324,4,2026-09-05 12:50:52,2026-09-05 15:50:52,180,21.09,3.8
862,32,156,309,1,2026-08-25 09:59:52,2026-08-25 10:55:52,56,10.93,3.4
863,91,175,301,2,2026-06-22 05:04:52,2026-06-22 06:07:52,63,75.7,38.84
864,89,26,155,4,2026-08-15 05:48:52,2026-08-15 07:40:52,112,53.96,9.71
865,82,28,294,4,2026-07-25 16:23:52,2026-07-25 17:31:52,68,79.75,14.35
866,22,292,252,3,2026-06-11 15:10:52,2026-06-11 17:11:52,121,49.37,30.15
867,23,224,192,1,2026-07-05 10:14:52,2026-07-05 11:19:52,65,46.49,11.23
868,24,298,103,4,2026-06-19 11:17:52,2026-06-19 12:21:52,64,29.45,5.3
869,82,171,86,1,2026-06-21 21:11:52,2026-06-21 23:02:52,111,19.35,5.26
870,75,207,121,3,2026-08-12 03:49:52,2026-08-12 04:29:52,40,10.71,8.89
871,13,98,109,3,2026-08-16 12:30:52,2026-08-16 15:19:52,169,49.01,29.96
872,97,42,173,3,2026-08-28 01:27:52,2026-08-28 03:16:52,109,61.14,36.63
873,47,156,341,3,2026-08-02 00:45:52,2026-08-02 01:14:52,29,83.15,48.73
874,59,252,358,1,2026-08-02 11:59:52,2026-08-02 12:49:52,50,11.93,3.62
875,48,62,232,2,2026-08-30 09:48:52,2026-08-30 12:04:52,136,48.62,25.84
876,3,241,325,2,2026-07-27 13:57:52,2026-07-27 15:35:52,98,60.84,31.7
877,95,227,314,1,2026-06-21 23:33:52,2026-06-22 01:49:52,136,84.02,19.48
878,78,275,100,1,2026-06-30 05:02:52,2026-06-30 07:43:52,161,68.86,16.15
879,12,26,155,4,2026-09-06 06:01:52,2026-09-06 08:15:52,134,22.6,4.07
880,85,233,277,1,2026-07-11 19:19:52,2026-07-11 20:17:52,58,66.49,15.63
881,92,250,15,2,2026-07-01 23:03:52,2026-07-02 00:56:52,113,67.47,34.89
882,86,23,64,4,2026-09-04 17:05:52,2026-09-04 19:36:52,151,57.52,10.35
883,29,150,295,4,2026-08-26 14:47:52,2026-08-26 16:29:52,102,38.28,6.89
884,29,227,133,2,2026-06-25 21:11:52,2026-06-25 21:54:52,43,16.69,10.51
885,17,259,161,2,2026-07-30 06:53:52,2026-07-30 07:08:52,15,33.31,18.49
886,41,197,395,2,2026-07-28 10:05:52,2026-07-28 10:52:52,47,48.98,26.01
887,2,181,276,4,2026-08-08 22:15:52,2026-08-08 23:45:52,90,72.79,13.1
888,77,213,146,3,2026-06-30 11:48:52,2026-06-30 12:11:52,23,54.92,33.21
889,91,28,294,4,2026-08-12 08:59:52,2026-08-12 10:09:52,70,47.13,8.48
890,20,46,367,1,2026-07-08 12:05:52,2026-07-08 13:17:52,72,62.53,14.76
891,94,14,201,4,2026-07-20 10:04:52,2026-07-20 10:59:52,55,84.33,15.18
892,87,91,243,3,2026-07-26 00:31:52,2026-07-26 01:04:52,33,49.59,30.27
893,90,62,281,1,2026-07-31 15:14:52,2026-07-31 16:51:52,97,66.42,15.61
894,84,212,84,2,2026-08-23 16:34:52,2026-08-23 18:52:52,138,31.83,17.78
895,96,15,101,2,2026-09-02 12:29:52,2026-09-02 15:11:52,162,17.65,10.97
896,87,128,87,1,2026-06-18 15:28:52,2026-06-18 17:44:52,136,23.47,6.16
897,76,86,223,1,2026-07-01 08:52:52,2026-07-01 10:50:52,118,28.38,7.24
898,63,26,155,1,2026-09-08 07:17:52,2026-09-08 09:08:52,111,68.19,16.0
899,36,210,324,1,2026-09-03 02:29:52,2026-09-03 02:46:52,17,19.0,5.18
900,83,257,343,4,2026-08-15 19:07:52,2026-08-15 21:52:52,165,52.97,9.53
901,76,157,93,2,2026-07-31 03:47:52,2026-07-31 05:53:52,126,32.38,18.04
902,9,19,366,4,2026-08-18 17:31:52,2026-08-18 17:51:52,20,39.53,7.12
903,97,48,386,2,2026-07-08 10:03:52,2026-07-08 10:48:52,45,23.55,13.8
904,41,217,63,1,2026-06-16 16:42:52,2026-06-16 17:49:52,67,58.95,13.97
905,11,23,64,1,2026-08-14 21:29:52,2026-08-15 00:03:52,154,22.87,6.03
906,6,252,266,4,2026-07-19 09:40:52,2026-07-19 11:48:52,128,20.49,3.69
907,78,181,276,1,2026-08-15 18:50:52,2026-08-15 19:30:52,40,59.7,14.13
908,25,299,73,3,2026-07-19 18:14:52,2026-07-19 21:03:52,169,51.41,31.28
909,94,109,319,2,2026-08-04 14:41:52,2026-08-04 16:01:52,80,29.55,16.68
910,11,221,131,1,2026-09-06 01:50:52,2026-09-06 02:41:52,51,50.19,12.04
911,92,113,191,4,2026-08-23 09:47:52,2026-08-23 12:12:52,145,55.37,9.97
912,56,208,195,1,2026-06-15 07:21:52,2026-06-15 07:55:52,34,30.26,7.66
913,43,145,328,2,2026-06-23 00:04:52,2026-06-23 01:44:52,100,68.36,35.31
914,2,271,51,1,2026-07-29 19:30:52,2026-07-29 20:11:52,41,68.71,16.12
915,76,125,251,3,2026-06-24 04:28:52,2026-06-24 07:09:52,161,74.9,44.2
916,22,82,163,4,2026-07-30 17:28:52,2026-07-30 19:59:52,151,51.38,9.25
917,34,48,5,2,2026-09-07 04:51:52,2026-09-07 05:45:52,54,59.32,30.97
918,7,212,372,4,2026-08-31 23:51:52,2026-09-01 01:09:52,78,60.87,10.96
919,57,216,182,2,2026-08-10 04:24:52,2026-08-10 05:49:52,85,81.45,41.6
920,40,216,209,2,2026-07-21 14:46:52,2026-07-21 15:21:52,35,15.75,10.06
921,74,127,30,1,2026-06-22 11:24:52,2026-06-22 14:00:52,156,79.72,18.54
922,62,167,255,4,2026-08-16 09:49:52,2026-08-16 12:20:52,151,62.34,11.22
923,96,277,4,1,2026-08-05 10:40:52,2026-08-05 12:23:52,103,28.32,7.23
924,87,248,392,2,2026-08-17 19:17:52,2026-08-17 19:51:52,34,37.53,20.51
925,55,15,254,2,2026-07-29 17:29:52,2026-07-29 18:12:52,43,35.35,19.47
926,39,138,248,4,2026-07-18 20:19:52,2026-07-18 20:34:52,15,65.35,11.76
927,83,285,264,1,2026-06-16 03:03:52,2026-06-16 05:56:52,173,73.63,17.2
928,79,260,236,2,2026-07-23 21:28:52,2026-07-23 22:10:52,42,10.39,7.49
929,2,284,52,2,2026-08-06 03:18:52,2026-08-06 03:54:52,36,49.68,26.35
930,63,277,4,3,2026-07-01 09:22:52,2026-07-01 10:34:52,72,45.3,27.92
931,55,115,94,4,2026-08-18 20:12:52,2026-08-18 22:19:52,127,59.22,10.66
932,46,82,383,3,2026-08-05 12:28:52,2026-08-05 13:33:52,65,18.3,13.07
933,51,127,216,3,2026-07-23 13:16:52,2026-07-23 14:21:52,65,81.13,47.62
934,63,275,282,4,2026-08-14 09:51:52,2026-08-14 10:38:52,47,34.37,6.19
935,15,284,56,2,2026-06-13 16:15:52,2026-06-13 17:58:52,103,47.5,25.3
936,55,296,306,1,2026-06-13 01:36:52,2026-06-13 03:05:52,89,31.17,7.86
937,80,128,79,3,2026-08-15 17:21:52,2026-08-15 18:47:52,86,67.5,40.12
938,26,91,243,2,2026-06-25 10:52:52,2026-06-25 13:15:52,143,55.83,29.3
939,16,219,68,4,2026-08-01 13:23:52,2026-08-01 14:27:52,64,79.68,14.34
940,12,35,27,2,2026-07-30 01:39:52,2026-07-30 03:12:52,93,62.51,32.5
941,55,276,246,1,2026-06-19 04:33:52,2026-06-19 07:32:52,179,13.87,4.05
942,36,239,180,1,2026-08-03 19:26:52,2026-08-03 19:53:52,27,23.63,6.2
943,28,295,147,2,2026-08-10 21:04:52,2026-08-10 23:54:52,170,17.56,10.93
944,47,164,172,2,2026-07-19 15:12:52,2026-07-19 15:30:52,18,61.22,31.89
945,95,4,186,3,2026-08-26 04:44:52,2026-08-26 06:34:52,110,27.87,18.33
946,12,55,55,2,2026-06-28 08:53:52,2026-06-28 11:42:52,169,19.03,11.63
947,13,154,39,2,2026-08-20 07:27:52,2026-08-20 08:59:52,92,64.4,33.41
948,17,261,99,3,2026-08-04 05:51:52,2026-08-04 07:10:52,79,76.87,45.28
949,81,130,368,1,2026-06-27 01:10:52,2026-06-27 03:28:52,138,41.43,10.11
950,90,227,67,2,2026-07-18 13:42:52,2026-07-18 14:12:52,30,69.58,35.9
951,88,272,273,4,2026-08-15 14:16:52,2026-08-15 16:23:52,127,66.3,11.93
952,78,121,140,1,2026-07-07 17:06:52,2026-07-07 18:01:52,55,52.89,12.64
953,39,101,113,2,2026-07-19 10:23:52,2026-07-19 12:59:52,156,18.93,11.59
954,38,26,21,3,2026-08-31 17:02:52,2026-08-31 18:28:52,86,79.54,46.75
955,27,218,274,3,2026-06-25 12:47:52,2026-06-25 14:30:52,103,57.45,34.6
956,91,275,282,3,2026-07-15 11:14:52,2026-07-15 13:13:52,119,77.38,45.56
957,81,86,6,1,2026-07-26 19:52:52,2026-07-26 21:18:52,86,23.26,6.12
958,84,165,132,4,2026-08-31 08:44:52,2026-08-31 11:20:52,156,25.46,4.58
959,35,223,105,2,2026-08-25 08:57:52,2026-08-25 10:53:52,116,21.67,12.9
960,19,276,246,2,2026-06-23 03:17:52,2026-06-23 05:29:52,132,23.88,13.96
961,94,157,93,2,2026-09-01 21:07:52,2026-09-01 22:41:52,94,22.22,13.17
962,9,76,74,4,2026-06-21 01:21:52,2026-06-21 03:32:52,131,78.18,14.07
963,94,283,385,1,2026-06-13 07:12:52,2026-06-13 09:03:52,111,38.8,9.54
964,17,208,128,1,2026-06-21 20:15:52,2026-06-21 23:10:52,175,54.97,13.09
965,91,110,44,2,2026-07-06 16:36:52,2026-07-06 19:15:52,159,76.93,39.43
966,62,53,80,1,2026-07-12 13:40:52,2026-07-12 15:03:52,83,57.06,13.55
967,14,119,279,2,2026-07-18 15:38:52,2026-07-18 17:39:52,121,20.64,12.41
968,55,274,198,4,2026-06-29 23:47:52,2026-06-30 01:15:52,88,26.94,4.85
969,22,140,57,3,2026-07-09 15:24:52,2026-07-09 17:10:52,106,15.72,11.65
970,11,272,23,2,2026-08-27 16:17:52,2026-08-27 18:21:52,124,49.79,26.4
971,86,138,352,1,2026-07-20 07:58:52,2026-07-20 09:26:52,88,36.13,8.95
972,85,280,189,2,2026-07-15 10:57:52,2026-07-15 11:31:52,34,69.16,35.7
973,19,289,200,1,2026-08-08 11:56:52,2026-08-08 14:13:52,137,71.1,16.64
974,19,126,47,4,2026-07-22 16:17:52,2026-07-22 18:10:52,113,36.45,6.56
975,89,277,212,2,2026-08-28 08:27:52,2026-08-28 09:17:52,50,70.16,36.18
976,71,167,255,2,2026-08-19 05:37:52,2026-08-19 08:08:52,151,50.22,26.61
977,75,46,367,2,2026-08-04 04:42:52,2026-08-04 05:53:52,71,62.73,32.61
978,27,31,9,1,2026-07-28 05:36:52,2026-07-28 06:25:52,49,79.07,18.4
979,100,19,72,4,2026-07-19 02:15:52,2026-07-19 04:51:52,156,82.89,14.92
980,29,62,29,1,2026-06-28 15:50:52,2026-06-28 16:41:52,51,38.31,9.43
981,7,210,360,2,2026-06-25 09:43:52,2026-06-25 10:16:52,33,45.76,24.46
982,47,299,73,4,2026-06-21 19:10:52,2026-06-21 19:28:52,18,52.69,9.48
983,61,15,381,3,2026-06-29 11:39:52,2026-06-29 13:10:52,91,45.26,27.89
984,37,140,57,2,2026-06-30 14:02:52,2026-06-30 17:01:52,179,12.41,8.46
985,51,11,217,3,2026-09-07 02:41:52,2026-09-07 04:02:52,81,78.94,46.42
986,21,121,140,4,2026-06-23 04:30:52,2026-06-23 05:17:52,47,65.74,11.83
987,51,99,95,4,2026-08-22 07:59:52,2026-08-22 08:33:52,34,71.24,12.82
988,84,233,329,4,2026-08-02 00:16:52,2026-08-02 00:44:52,28,70.25,12.64
989,14,136,54,3,2026-06-20 23:44:52,2026-06-21 01:24:52,100,12.1,9.66
990,9,98,109,2,2026-08-26 12:54:52,2026-08-26 14:28:52,94,24.08,14.06
991,35,110,44,4,2026-08-23 06:08:52,2026-08-23 08:47:52,159,83.99,15.12
992,41,146,48,2,2026-07-20 12:28:52,2026-07-20 13:55:52,87,81.91,41.82
993,93,300,183,1,2026-06-28 10:49:52,2026-06-28 11:28:52,39,34.85,8.67
994,76,85,196,2,2026-08-12 07:01:52,2026-08-12 07:25:52,24,31.76,17.74
995,81,146,48,2,2026-07-10 18:57:52,2026-07-10 19:48:52,51,67.66,34.98
996,17,78,174,4,2026-07-18 23:45:52,2026-07-19 01:50:52,125,13.0,2.34
997,79,286,311,1,2026-06-20 16:42:52,2026-06-20 19:37:52,175,84.58,19.61
998,99,272,159,2,2026-08-20 14:37:52,2026-08-20 15:16:52,39,44.11,23.67
999,9,126,144,4,2026-08-23 23:28:52,2026-08-24 00:05:52,37,15.34,2.76
1000,33,140,391,4,2026-08-07 09:05:52,2026-08-07 09:55:52,50,80.49,14.49
1001,37,109,206,3,2026-08-03 08:04:52,2026-08-03 08:52:52,48,43.06,26.68
1002,88,277,212,1,2026-08-15 02:22:52,2026-08-15 02:47:52,25,56.55,13.44
1003,20,136,54,1,2026-07-19 00:16:52,2026-07-19 02:56:52,160,39.95,9.79
1004,60,257,343,4,2026-06-22 23:35:52,2026-06-23 01:49:52,134,58.19,10.47
1005,24,256,375,3,2026-06-25 00:55:52,2026-06-25 03:00:52,125,24.96,16.73
1006,44,128,310,4,2026-08-12 18:50:52,2026-08-12 21:06:52,136,18.57,3.34
1007,61,66,75,4,2026-08-31 18:26:52,2026-08-31 21:06:52,160,12.35,2.22
1008,56,91,243,4,2026-07-08 13:19:52,2026-07-08 13:39:52,20,81.45,14.66
1009,82,114,91,3,2026-06-21 16:10:52,2026-06-21 17:35:52,85,40.38,25.21
1010,68,23,110,4,2026-09-04 20:17:52,2026-09-04 20:45:52,28,16.93,3.05
1011,22,134,102,2,2026-07-26 01:36:52,2026-07-26 03:52:52,136,50.16,26.58
1012,89,141,293,2,2026-07-30 12:41:52,2026-07-30 15:28:52,167,24.89,14.45
1013,2,108,78,4,2026-08-08 16:37:52,2026-08-08 18:13:52,96,18.52,3.33
1014,58,171,65,2,2026-09-01 02:46:52,2026-09-01 05:29:52,163,17.31,10.81
1015,90,99,280,2,2026-07-03 07:30:52,2026-07-03 08:40:52,70,36.11,19.83
1016,47,31,9,4,2026-07-19 21:38:52,2026-07-19 22:24:52,46,62.45,11.24
1017,46,32,181,2,2026-08-20 01:39:52,2026-08-20 03:19:52,100,18.5,11.38
1018,48,114,91,3,2026-08-21 07:16:52,2026-08-21 09:49:52,153,42.69,26.48
1019,90,51,318,1,2026-06-23 14:57:52,2026-06-23 15:38:52,41,16.72,4.68
1020,64,283,384,1,2026-08-30 05:12:52,2026-08-30 08:09:52,177,43.31,10.53
1021,28,170,115,4,2026-08-09 05:30:52,2026-08-09 06:14:52,44,24.67,4.44
1022,60,277,212,3,2026-09-02 10:56:52,2026-09-02 12:52:52,116,10.57,8.81
1023,35,292,338,1,2026-07-14 21:59:52,2026-07-15 00:00:52,121,60.5,14.31
1024,2,285,14,3,2026-06-30 23:59:52,2026-07-01 02:26:52,147,71.5,42.32
1025,74,112,221,4,2026-07-12 05:31:52,2026-07-12 06:35:52,64,56.22,10.12
1026,17,17,326,2,2026-07-31 11:17:52,2026-07-31 13:15:52,118,77.81,39.85
1027,13,254,364,4,2026-06-28 04:13:52,2026-06-28 07:09:52,176,53.27,9.59
1028,42,223,105,2,2026-06-22 14:07:52,2026-06-22 16:13:52,126,10.87,7.72
1029,74,85,196,3,2026-06-15 11:52:52,2026-06-15 12:40:52,48,83.76,49.07
1030,84,221,114,4,2026-07-19 18:40:52,2026-07-19 19:57:52,77,64.47,11.6
1031,36,38,43,1,2026-06-30 08:07:52,2026-06-30 11:05:52,178,83.86,19.45
1032,77,217,63,1,2026-06-24 16:24:52,2026-06-24 17:46:52,82,77.1,17.96
1033,47,262,107,4,2026-07-31 15:37:52,2026-07-31 15:57:52,20,41.03,7.39
1034,88,21,215,2,2026-07-29 22:46:52,2026-07-30 00:56:52,130,70.64,36.41
1035,23,292,338,3,2026-08-23 08:44:52,2026-08-23 09:07:52,23,18.79,13.33
1036,79,77,308,1,2026-08-19 12:16:52,2026-08-19 14:44:52,148,65.63,15.44
1037,69,233,12,3,2026-08-17 04:54:52,2026-08-17 05:48:52,54,26.22,17.42
1038,4,123,168,4,2026-06-28 19:11:52,2026-06-28 19:58:52,47,30.07,5.41
1039,45,169,363,4,2026-08-21 08:24:52,2026-08-21 10:38:52,134,65.89,11.86
1040,25,1,129,1,2026-07-03 18:49:52,2026-07-03 20:15:52,86,82.14,19.07
1041,27,264,370,3,2026-08-13 02:02:52,2026-08-13 04:11:52,129,41.78,25.98
1042,78,66,197,1,2026-08-04 18:42:52,2026-08-04 20:27:52,105,38.05,9.37
1043,5,124,262,3,2026-07-14 06:32:52,2026-07-14 08:02:52,90,55.29,33.41
1044,15,157,93,1,2026-07-23 01:56:52,2026-07-23 02:58:52,62,36.83,9.1
1045,48,66,75,3,2026-07-21 15:06:52,2026-07-21 16:42:52,96,61.62,36.89
1046,73,133,165,2,2026-07-11 05:10:52,2026-07-11 07:03:52,113,31.27,17.51
1047,72,13,143,4,2026-08-28 09:10:52,2026-08-28 11:51:52,161,76.95,13.85
1048,41,134,102,3,2026-07-06 13:57:52,2026-07-06 16:18:52,141,47.4,29.07
1049,16,62,232,1,2026-07-03 07:26:52,2026-07-03 10:12:52,166,38.71,9.52
1050,83,150,295,4,2026-06-12 02:24:52,2026-06-12 03:12:52,48,73.12,13.16
1051,44,102,331,4,2026-06-13 14:36:52,2026-06-13 15:15:52,39,72.24,13.0
1052,41,48,386,4,2026-07-26 00:11:52,2026-07-26 02:48:52,157,68.1,12.26
1053,39,224,357,1,2026-08-09 04:00:52,2026-08-09 06:59:52,179,82.54,19.16
1054,4,170,115,4,2026-06-17 12:14:52,2026-06-17 12:55:52,41,84.52,15.21
1055,12,180,98,1,2026-07-29 05:06:52,2026-07-29 05:34:52,28,29.48,7.49
1056,39,154,39,4,2026-07-14 22:50:52,2026-07-15 01:41:52,171,69.37,12.49
1057,18,146,299,4,2026-08-08 15:14:52,2026-08-08 16:50:52,96,74.64,13.44
1058,67,298,271,3,2026-07-12 06:36:52,2026-07-12 08:56:52,140,83.23,48.78
1059,12,87,136,2,2026-07-19 10:11:52,2026-07-19 11:56:52,105,51.89,27.41
1060,10,15,254,4,2026-06-18 18:06:52,2026-06-18 19:16:52,70,45.11,8.12
1061,14,197,175,3,2026-07-08 06:54:52,2026-07-08 09:24:52,150,48.54,29.7
1062,84,128,79,3,2026-08-14 16:04:52,2026-08-14 16:52:52,48,26.41,17.53
1063,80,209,263,2,2026-07-07 00:18:52,2026-07-07 00:50:52,32,30.84,17.3
1064,19,175,237,4,2026-06-25 11:13:52,2026-06-25 12:29:52,76,11.24,2.02
1065,4,268,244,1,2026-09-04 04:34:52,2026-09-04 06:19:52,105,29.92,7.58
1066,28,108,78,4,2026-08-01 04:33:52,2026-08-01 06:58:52,145,35.03,6.31
1067,13,36,26,2,2026-09-03 00:52:52,2026-09-03 02:55:52,123,24.54,14.28
1068,77,102,142,1,2026-08-18 07:37:52,2026-08-18 10:04:52,147,42.52,10.35
1069,29,176,59,1,2026-06-17 13:42:52,2026-06-17 15:05:52,83,27.91,7.14
1070,80,241,359,3,2026-08-02 00:31:52,2026-08-02 01:11:52,40,26.49,17.57
1071,22,223,105,1,2026-07-26 08:24:52,2026-07-26 11:11:52,167,31.6,7.95
1072,65,241,359,2,2026-08-30 03:53:52,2026-08-30 05:26:52,93,73.94,37.99
1073,88,161,36,1,2026-07-02 17:27:52,2026-07-02 19:38:52,131,20.64,5.54
1074,43,200,11,1,2026-07-03 21:02:52,2026-07-03 21:36:52,34,22.8,6.02
1075,75,39,1,1,2026-08-12 19:36:52,2026-08-12 20:19:52,43,13.39,3.95
1076,68,175,258,3,2026-07-02 16:55:52,2026-07-02 17:34:52,39,17.5,12.62
1077,95,239,180,4,2026-08-19 20:48:52,2026-08-19 23:07:52,139,29.02,5.22
1078,39,254,364,3,2026-07-24 04:55:52,2026-07-24 07:42:52,167,46.33,28.48
1079,53,101,113,4,2026-09-03 16:28:52,2026-09-03 18:50:52,142,12.32,2.22
1080,96,179,46,4,2026-07-06 00:46:52,2026-07-06 01:28:52,42,82.41,14.83
1081,87,170,179,3,2026-07-24 00:43:52,2026-07-24 02:44:52,121,80.89,47.49
1082,6,252,297,4,2026-08-17 10:27:52,2026-08-17 13:18:52,171,19.22,3.46
1083,15,48,5,3,2026-08-14 09:15:52,2026-08-14 11:29:52,134,61.07,36.59
1084,63,197,148,3,2026-06-19 21:06:52,2026-06-19 23:17:52,131,13.07,10.19
1085,63,234,157,2,2026-06-12 01:28:52,2026-06-12 01:43:52,15,13.74,9.1
1086,65,156,341,2,2026-08-21 16:11:52,2026-08-21 17:35:52,84,20.7,12.44
1087,38,101,113,4,2026-06-16 04:05:52,2026-06-16 05:50:52,105,28.65,5.16
1088,13,110,134,3,2026-07-20 07:25:52,2026-07-20 08:24:52,59,52.29,31.76
1089,33,39,70,3,2026-08-04 05:18:52,2026-08-04 06:50:52,92,32.87,21.08
1090,49,59,224,3,2026-06-23 16:39:52,2026-06-23 18:47:52,128,62.06,37.13
1091,55,55,239,1,2026-08-04 01:35:52,2026-08-04 01:57:52,22,78.44,18.26
1092,97,19,72,3,2026-08-28 21:56:52,2026-08-28 23:13:52,77,53.52,32.44
1093,7,59,387,4,2026-07-31 16:31:52,2026-07-31 16:47:52,16,44.71,8.05
1094,8,172,139,3,2026-09-02 15:27:52,2026-09-02 18:14:52,167,17.3,12.52
1095,8,217,63,2,2026-08-25 09:38:52,2026-08-25 10:06:52,28,62.62,32.56
1096,29,21,346,1,2026-08-31 16:25:52,2026-08-31 19:20:52,175,33.32,8.33
1097,15,134,35,2,2026-06-11 16:44:52,2026-06-11 17:29:52,45,48.99,26.02
1098,61,217,13,3,2026-08-15 02:31:52,2026-08-15 03:00:52,29,79.45,46.7
1099,24,207,121,1,2026-08-19 20:58:52,2026-08-19 23:49:52,171,61.1,14.44
1100,82,233,12,2,2026-07-04 16:58:52,2026-07-04 18:14:52,76,22.81,13.45
1101,38,205,149,3,2026-09-04 15:43:52,2026-09-04 18:04:52,141,37.55,23.65
1102,90,55,55,3,2026-08-10 01:58:52,2026-08-10 04:01:52,123,21.11,14.61
1103,73,289,200,4,2026-06-13 06:25:52,2026-06-13 06:48:52,23,58.38,10.51
1104,18,186,240,2,2026-08-08 20:06:52,2026-08-08 21:01:52,55,36.83,20.18
1105,66,299,33,3,2026-07-04 08:15:52,2026-07-04 10:00:52,105,59.2,35.56
1106,36,140,391,4,2026-09-03 22:05:52,2026-09-04 00:00:52,115,15.12,2.72
1107,78,292,338,3,2026-07-05 06:51:52,2026-07-05 09:15:52,144,68.15,40.48
1108,76,7,298,1,2026-07-26 06:45:52,2026-07-26 08:43:52,118,15.07,4.32
1109,13,156,341,2,2026-06-25 04:05:52,2026-06-25 06:21:52,136,34.27,18.95
1110,23,97,373,3,2026-07-31 02:05:52,2026-07-31 02:36:52,31,14.64,11.05
1111,96,68,38,2,2026-08-06 23:44:52,2026-08-07 02:40:52,176,73.05,37.56
1112,90,155,231,2,2026-07-29 16:46:52,2026-07-29 19:27:52,161,51.74,27.34
1113,57,129,348,2,2026-07-17 19:18:52,2026-07-17 20:14:52,56,42.55,22.92
1114,81,257,343,3,2026-06-23 18:08:52,2026-06-23 18:58:52,50,77.0,45.35
1115,44,99,95,2,2026-09-07 12:04:52,2026-09-07 15:03:52,179,49.61,26.31
1116,65,32,181,1,2026-07-27 08:03:52,2026-07-27 10:41:52,158,74.01,17.28
1117,81,15,193,3,2026-06-21 06:11:52,2026-06-21 06:58:52,47,68.68,40.77
1118,64,159,119,3,2026-06-18 07:40:52,2026-06-18 09:19:52,99,11.69,9.43
1119,91,11,184,2,2026-06-19 17:24:52,2026-06-19 17:58:52,34,50.08,26.54
1120,80,127,30,3,2026-08-20 11:03:52,2026-08-20 11:46:52,43,53.71,32.54
1121,44,127,216,3,2026-07-14 18:27:52,2026-07-14 18:57:52,30,20.45,14.25
1122,64,68,38,1,2026-08-23 07:50:52,2026-08-23 08:14:52,24,35.94,8.91
1123,71,276,246,4,2026-06-27 20:52:52,2026-06-27 21:17:52,25,17.8,3.2
1124,56,139,245,2,2026-07-19 19:07:52,2026-07-19 19:36:52,29,11.98,8.25
1125,71,239,247,4,2026-06-18 00:55:52,2026-06-18 02:46:52,111,62.16,11.19
1126,15,160,225,3,2026-06-27 08:03:52,2026-06-27 09:52:52,109,36.38,23.01
1127,31,159,119,1,2026-06-23 06:06:52,2026-06-23 07:19:52,73,40.98,10.02
1128,8,162,40,3,2026-06-18 16:34:52,2026-06-18 17:35:52,61,31.19,20.15
1129,38,227,67,1,2026-08-28 00:36:52,2026-08-28 01:22:52,46,59.24,14.03
1130,64,54,362,3,2026-07-26 19:34:52,2026-07-26 21:06:52,92,80.61,47.34
1131,41,252,358,4,2026-08-20 04:12:52,2026-08-20 04:40:52,28,36.0,6.48
1132,11,223,105,2,2026-06-29 04:20:52,2026-06-29 05:53:52,93,65.64,34.01
1133,93,299,73,4,2026-06-15 19:50:52,2026-06-15 21:57:52,127,58.74,10.57
1134,64,297,18,1,2026-07-15 20:43:52,2026-07-15 22:36:52,113,32.53,8.16
1135,79,66,197,1,2026-08-13 13:01:52,2026-08-13 14:53:52,112,38.85,9.55
1136,49,99,95,1,2026-09-04 01:40:52,2026-09-04 02:08:52,28,59.53,14.1
1137,78,59,387,1,2026-07-24 20:57:52,2026-07-24 23:43:52,166,26.24,6.77
1138,55,186,374,3,2026-06-18 15:41:52,2026-06-18 17:35:52,114,81.44,47.79
1139,74,60,369,4,2026-08-23 04:22:52,2026-08-23 05:18:52,56,82.02,14.76
1140,2,126,144,3,2026-09-06 20:11:52,2026-09-06 21:29:52,78,67.85,40.32
1141,5,292,316,1,2026-07-16 23:23:52,2026-07-17 00:42:52,79,68.68,16.11
1142,73,225,339,1,2026-07-22 21:00:52,2026-07-22 22:00:52,60,43.29,10.52
1143,60,278,19,1,2026-07-27 03:46:52,2026-07-27 06:23:52,157,26.34,6.79
1144,79,95,283,3,2026-07-21 14:34:52,2026-07-21 15:35:52,61,29.35,19.14
1145,17,64,117,2,2026-08-30 17:15:52,2026-08-30 20:08:52,173,59.2,30.92
1146,24,11,351,2,2026-08-15 02:43:52,2026-08-15 04:19:52,96,13.15,8.81
1147,33,31,9,3,2026-09-05 23:40:52,2026-09-06 00:06:52,26,55.04,33.27
1148,65,193,228,3,2026-06-26 04:10:52,2026-06-26 05:25:52,75,25.3,16.92
1149,83,65,219,3,2026-07-17 16:07:52,2026-07-17 17:45:52,98,55.52,33.54
1150,84,224,192,1,2026-08-10 21:45:52,2026-08-10 22:07:52,22,22.02,5.84
1151,76,285,14,3,2026-06-25 07:19:52,2026-06-25 08:54:52,95,48.31,29.57
1152,75,112,17,1,2026-09-04 11:15:52,2026-09-04 13:07:52,112,67.2,15.78
1153,73,175,258,1,2026-08-24 08:41:52,2026-08-24 10:43:52,122,50.42,12.09
1154,85,208,269,3,2026-08-17 02:26:52,2026-08-17 03:49:52,83,24.63,16.55
1155,32,283,394,1,2026-07-27 19:35:52,2026-07-27 21:10:52,95,66.11,15.54
1156,94,42,210,3,2026-07-27 14:28:52,2026-07-27 17:06:52,158,47.92,29.36
1157,58,21,215,2,2026-07-11 06:58:52,2026-07-11 07:45:52,47,79.43,40.63
1158,78,110,134,4,2026-07-17 22:26:52,2026-07-17 23:11:52,45,16.11,2.9
1159,81,261,396,1,2026-07-06 18:02:52,2026-07-06 20:13:52,131,11.16,3.46
1160,98,111,284,4,2026-08-11 11:12:52,2026-08-11 11:59:52,47,75.21,13.54
1161,10,219,68,3,2026-08-16 05:04:52,2026-08-16 06:58:52,114,77.82,45.8
1162,90,269,286,3,2026-07-12 10:24:52,2026-07-12 11:09:52,45,35.26,22.39
1163,10,148,379,4,2026-07-27 03:04:52,2026-07-27 05:03:52,119,57.31,10.32
1164,90,5,69,1,2026-07-05 11:55:52,2026-07-05 14:40:52,165,78.73,18.32
1165,76,34,304,4,2026-07-29 09:47:52,2026-07-29 11:58:52,131,38.45,6.92
1166,99,155,50,4,2026-07-10 21:37:52,2026-07-10 23:19:52,102,13.62,2.45
1167,50,244,164,3,2026-07-03 16:08:52,2026-07-03 17:16:52,68,42.29,26.26
1168,45,213,146,2,2026-07-02 15:24:52,2026-07-02 16:49:52,85,46.5,24.82
1169,34,286,311,2,2026-06-24 19:48:52,2026-06-24 21:14:52,86,20.58,12.38
1170,77,26,21,1,2026-08-20 05:57:52,2026-08-20 07:01:52,64,10.5,3.31
1171,37,141,293,4,2026-08-05 11:34:52,2026-08-05 14:02:52,148,19.46,3.5
1172,92,54,362,1,2026-06-27 03:02:52,2026-06-27 05:07:52,125,46.99,11.34
1173,94,257,343,2,2026-06-25 23:57:52,2026-06-26 00:32:52,35,65.82,34.09
1174,21,6,260,1,2026-07-23 20:35:52,2026-07-23 23:31:52,176,65.16,15.34
1175,56,284,52,1,2026-08-16 22:18:52,2026-08-17 00:55:52,157,59.58,14.11
1176,18,175,301,2,2026-07-29 19:49:52,2026-07-29 20:54:52,65,29.9,16.85
1177,94,167,255,2,2026-07-17 16:18:52,2026-07-17 19:15:52,177,75.69,38.83
1178,9,292,252,3,2026-08-22 07:19:52,2026-08-22 08:19:52,60,12.91,10.1
1179,82,170,179,2,2026-08-12 04:48:52,2026-08-12 05:49:52,61,75.84,38.9
1180,63,81,323,1,2026-08-01 07:28:52,2026-08-01 10:02:52,154,46.07,11.14
1181,97,248,392,4,2026-07-18 01:34:52,2026-07-18 03:12:52,98,28.55,5.14
1182,60,244,164,4,2026-09-03 15:28:52,2026-09-03 17:24:52,116,62.86,11.31
1183,88,207,121,4,2026-06-14 21:23:52,2026-06-14 23:47:52,144,26.13,4.7
1184,34,21,346,3,2026-07-22 01:31:52,2026-07-22 03:39:52,128,41.89,26.04
1185,63,97,373,4,2026-07-09 22:46:52,2026-07-09 23:12:52,26,33.14,5.97
1186,69,161,106,1,2026-08-30 15:45:52,2026-08-30 18:36:52,171,34.73,8.64
1187,12,137,400,1,2026-07-23 23:55:52,2026-07-24 02:31:52,156,14.76,4.25
1188,69,134,102,2,2026-07-02 05:31:52,2026-07-02 06:44:52,73,31.76,17.74
1189,53,224,111,1,2026-08-21 11:21:52,2026-08-21 11:39:52,18,12.71,3.8
1190,63,245,22,2,2026-07-01 21:25:52,2026-07-01 21:46:52,21,27.25,15.58
1191,96,23,64,3,2026-07-30 08:31:52,2026-07-30 09:19:52,48,71.37,42.25
1192,10,142,259,2,2026-08-03 12:06:52,2026-08-03 14:39:52,153,55.37,29.08
1193,25,286,311,3,2026-07-20 22:33:52,2026-07-21 00:59:52,146,65.76,39.17
1194,26,284,52,4,2026-07-15 08:42:52,2026-07-15 10:57:52,135,38.24,6.88
1195,53,100,288,4,2026-07-17 03:24:52,2026-07-17 05:55:52,151,47.99,8.64
1196,94,220,202,1,2026-07-29 05:51:52,2026-07-29 06:33:52,42,43.92,10.66
1197,58,113,190,2,2026-08-12 06:12:52,2026-08-12 09:11:52,179,33.3,18.48
1198,72,128,87,4,2026-07-08 03:43:52,2026-07-08 05:01:52,78,16.29,2.93
1199,8,125,393,2,2026-08-13 20:32:52,2026-08-13 22:06:52,94,65.54,33.96
1200,89,92,290,2,2026-08-27 02:01:52,2026-08-27 02:17:52,16,30.11,16.95
