customer_id,first_name,last_name,email,phone,signup_date,membership_type
1,Daniel,Figueroa,jeffreydoyle@example.net,001-581-896-0013x3890,2026-01-17,Premium-Fleet
2,Shane,Ramirez,blakeerik@example.com,942-335-1161x55940,2025-02-26,Pay-As-You-Go
3,Nicholas,Arnold,barbara10@example.net,441.731.6475,2026-08-25,Pay-As-You-Go
4,Jason,Adams,lynchgeorge@example.net,527.264.8350,2025-06-10,Premium-Fleet
5,Leslie,Adams,robinbradley@example.net,837-767-2423x88496,2026-05-26,Monthly-Pass
6,Wendy,Taylor,ddavis@example.org,(626)291-6697,2025-02-25,Pay-As-You-Go
7,Jennifer,Maldonado,kayla51@example.com,(727)404-8281x48932,2026-02-18,Pay-As-You-Go
8,Stephanie,Nielsen,georgetracy@example.org,(443)903-9117x182,2025-10-31,Pay-As-You-Go
9,Frederick,Rose,ibrandt@example.net,001-734-265-7871x331,2025-11-09,Premium-Fleet
10,Angela,Chapman,jonescrystal@example.org,405-918-3473,2025-12-08,Pay-As-You-Go
11,Kristen,Aguirre,clintonhopkins@example.com,(467)801-0651x33387,2025-03-15,Premium-Fleet
12,Joshua,Wright,ramosmichelle@example.net,908-501-3267,2025-01-28,Premium-Fleet
13,Richard,Brown,ysmith@example.com,246.787.2343x098,2026-07-11,Premium-Fleet
14,Brendan,Woods,brianromero@example.org,291-336-1939,2024-10-22,Pay-As-You-Go
15,Diane,Cunningham,sarah35@example.org,362-547-5107x991,2025-07-30,Premium-Fleet
16,Joseph,Mahoney,suarezmike@example.org,384.498.0841x241,2025-10-05,Monthly-Pass
17,Juan,Clark,james48@example.com,801-264-0052x427,2025-04-07,Pay-As-You-Go
18,Charles,Ware,amydavenport@example.net,+1-526-520-4505,2024-12-03,Pay-As-You-Go
19,Curtis,Deleon,vdickson@example.org,622.460.2563,2026-02-08,Pay-As-You-Go
20,Jacqueline,Reyes,garrisonjeffrey@example.com,(843)730-3654x145,2026-05-12,Pay-As-You-Go
21,Anthony,Wiley,gregory40@example.org,+1-265-856-9816x934,2026-09-07,Pay-As-You-Go
22,April,Drake,michaeljones@example.net,895-814-8465x64823,2024-09-09,Premium-Fleet
23,Kaitlin,Thompson,richard04@example.com,969.495.7773,2026-02-16,Premium-Fleet
24,Christopher,Robertson,clarence34@example.org,820.503.7917,2026-02-01,Pay-As-You-Go
25,Heather,Snyder,dylanwatts@example.org,001-763-928-7083x17278,2026-03-19,Premium-Fleet
26,Lisa,Mcclain,jrivas@example.com,(677)943-4873,2025-12-27,Pay-As-You-Go
27,Jennifer,Young,luis81@example.org,(936)823-1665,2024-11-07,Premium-Fleet
28,Jamie,Fisher,gateskathy@example.com,805.946.6889x3734,2024-10-26,Premium-Fleet
29,Paul,Caldwell,dramsey@example.org,+1-280-669-9016x272,2024-09-30,Premium-Fleet
30,Mark,Gibson,kathleen64@example.com,517-208-0531x003,2025-06-29,Premium-Fleet
31,Elijah,Martinez,elliottjeffery@example.net,852-899-1241x904,2026-01-03,Monthly-Pass
32,James,Vargas,curtisbarton@example.net,+1-819-905-8651x850,2026-03-17,Pay-As-You-Go
33,Ryan,Cox,bzimmerman@example.org,001-684-998-7769x4531,2024-11-28,Monthly-Pass
34,Karen,Hudson,frogers@example.com,(273)554-5494,2025-03-16,Premium-Fleet
35,John,Russell,hannahbrewer@example.com,701.843.6349x578,2024-11-13,Monthly-Pass
36,Andrea,Bell,qnelson@example.org,635-618-2337,2026-04-10,Pay-As-You-Go
37,Marissa,Phillips,harry08@example.org,900-984-2710x947,2024-11-25,Pay-As-You-Go
38,Jack,Williams,ewilson@example.com,519.802.2941x3186,2025-05-30,Premium-Fleet
39,Rebekah,Evans,ntorres@example.org,+1-213-834-1232x812,2025-08-23,Monthly-Pass
40,Hannah,Harrison,halljasmine@example.net,413.349.3618x324,2025-08-23,Monthly-Pass
41,Gabriel,Parker,scott74@example.net,(248)387-7190x6594,2024-10-24,Monthly-Pass
42,Suzanne,Huff,keyemily@example.com,001-802-978-7429,2025-03-04,Pay-As-You-Go
43,Theodore,Ortiz,elizabeth25@example.com,001-874-268-0715x451,2024-11-17,Pay-As-You-Go
44,Molly,Murray,lopezmichael@example.com,+1-570-434-8247x7109,2026-01-31,Monthly-Pass
45,Andrea,Tran,walkermaureen@example.org,412.874.8467x737,2025-05-07,Pay-As-You-Go
46,Sandra,Romero,michellehill@example.com,784-804-4997x27875,2025-02-03,Pay-As-You-Go
47,Sarah,Kane,ashleyhall@example.com,7573662702,2025-08-27,Monthly-Pass
48,Megan,Garcia,jsmith@example.com,+1-921-274-5961x5865,2026-07-19,Pay-As-You-Go
49,Casey,Welch,wendy16@example.org,001-517-824-0050x45562,2025-12-31,Monthly-Pass
50,Erin,White,christianpitts@example.net,+1-437-392-3747x40748,2025-11-21,Monthly-Pass
51,Sierra,Huerta,danielle64@example.com,836-671-3695x9440,2025-08-17,Premium-Fleet
52,Ashlee,Jennings,lozanojulie@example.com,001-739-453-3942x10470,2024-09-14,Monthly-Pass
53,Renee,Murphy,ithompson@example.net,(488)542-4745x171,2024-11-17,Pay-As-You-Go
54,Erica,Craig,zcoffey@example.net,(716)304-8175x496,2026-07-08,Premium-Fleet
55,Jesus,Johnson,rose31@example.net,446.812.0047x113,2026-02-14,Monthly-Pass
56,Nathan,Avery,umatthews@example.org,(717)796-4053x77351,2025-08-26,Premium-Fleet
57,Raymond,Lopez,rushmadison@example.org,+1-539-500-5329x31839,2024-10-25,Pay-As-You-Go
58,Kim,Kramer,ramireztracey@example.org,+1-742-210-2053,2025-05-21,Monthly-Pass
59,Joseph,Martinez,vfox@example.org,975.289.1783x9084,2025-01-21,Pay-As-You-Go
60,Yolanda,Boone,fparks@example.net,711.859.2124x998,2024-10-25,Premium-Fleet
61,Alyssa,Chavez,sgarcia@example.org,+1-883-767-3657x6615,2025-12-16,Monthly-Pass
62,Jonathan,Mckay,fjones@example.org,(215)628-0988x51656,2026-02-06,Premium-Fleet
63,Larry,Garcia,ericolson@example.org,(285)614-9368x998,2025-12-18,Premium-Fleet
64,Henry,Park,sandra50@example.org,(896)812-0183,2024-09-30,Monthly-Pass
65,Matthew,Wood,kimberly99@example.org,9229901476,2025-08-26,Premium-Fleet
66,Joshua,Fischer,reeddaniel@example.net,+1-497-684-0369x00343,2025-07-26,Pay-As-You-Go
67,Mark,Smith,ythompson@example.net,001-738-885-1606x071,2025-04-20,Premium-Fleet
68,Richard,Bowman,darius05@example.org,+1-875-616-1369x681,2025-11-27,Pay-As-You-Go
69,Matthew,Cook,charlesschultz@example.net,435.952.3124x32921,2026-04-10,Pay-As-You-Go
70,Karen,Wolf,kmaldonado@example.net,+1-795-352-7177x4490,2025-09-03,Premium-Fleet
71,Steven,Johnson,marie11@example.net,+1-986-479-8079x359,2025-05-07,Pay-As-You-Go
72,Shannon,Shepherd,toni18@example.net,(703)777-8892,2024-10-26,Monthly-Pass
73,Justin,Ortiz,erika05@example.org,818-464-4925x19254,2026-08-21,Pay-As-You-Go
74,Jeanne,Miller,vschneider@example.org,+1-581-468-5054x23573,2025-12-14,Pay-As-You-Go
75,Chris,Richard,romeroamber@example.net,805.792.9622x29270,2025-01-06,Pay-As-You-Go
76,Jennifer,Montes,karen73@example.net,847.835.9774,2026-02-15,Monthly-Pass
77,Lisa,Solis,moniquewilliams@example.com,(881)381-4124x782,2025-01-11,Monthly-Pass
78,Jeffrey,Hayes,sarah60@example.com,653.961.5305x15220,2026-08-16,Monthly-Pass
79,Mariah,Blake,awest@example.org,6435289861,2026-03-02,Premium-Fleet
80,David,Allen,fbrown@example.net,+1-708-593-2460,2025-04-29,Monthly-Pass
81,Robert,Beck,millsmichael@example.net,+1-788-680-6706,2025-11-25,Pay-As-You-Go
82,Allen,Kramer,john19@example.net,001-252-605-8527x72217,2026-04-11,Monthly-Pass
83,Bradley,Gonzalez,stewartkyle@example.com,+1-674-303-4505,2025-02-11,Monthly-Pass
84,Micheal,Preston,ykline@example.com,(877)458-4161,2026-05-21,Pay-As-You-Go
85,Kelly,Garcia,donna47@example.net,001-362-875-7059x640,2025-11-05,Premium-Fleet
86,William,Brady,stephaniethomas@example.net,+1-770-721-3556x90927,2025-06-17,Monthly-Pass
87,Kathryn,Berry,raymond43@example.org,9275868144,2025-08-18,Premium-Fleet
88,Justin,Hendricks,igonzalez@example.org,427.715.5188x442,2025-12-27,Premium-Fleet
89,Jeffrey,Galloway,joelsnyder@example.com,+1-695-878-2911,2025-10-08,Premium-Fleet
90,Jennifer,Fox,emorrow@example.org,317-478-5289x22680,2026-03-18,Pay-As-You-Go
91,Fred,Morris,michaeleverett@example.com,343-484-2498,2025-05-02,Premium-Fleet
92,Shelly,Moore,megan90@example.org,909-643-9690,2025-12-11,Premium-Fleet
93,Sue,Webb,eevans@example.net,4277677359,2026-01-19,Pay-As-You-Go
94,Jennifer,Gross,theresa25@example.net,+1-415-337-1473,2026-07-09,Premium-Fleet
95,Kelly,Cruz,kwright@example.com,001-953-227-8774,2024-10-17,Premium-Fleet
96,Sierra,Wagner,jasongomez@example.org,779-274-8016x2456,2024-11-16,Pay-As-You-Go
97,Brett,Hoffman,angela16@example.net,784.499.1216x558,2025-07-16,Pay-As-You-Go
98,Carrie,Morales,williamsderrick@example.com,687.729.8259x5269,2025-02-09,Monthly-Pass
99,Maria,Patel,thomas05@example.com,+1-916-494-0974x99309,2025-10-07,Monthly-Pass
100,Cristina,Harvey,rhernandez@example.org,8915307562,2025-10-20,Monthly-Pass
101,Warren,Carr,vsalas@example.net,7284385786,2025-07-23,Premium-Fleet
102,Rhonda,Peterson,erica49@example.com,934.784.3443,2025-08-31,Premium-Fleet
103,Michael,Peck,keith98@example.com,(652)640-4157x4733,2025-09-15,Premium-Fleet
104,Daniel,Yang,johnsantiago@example.net,230.416.5712,2024-12-23,Pay-As-You-Go
105,Denise,Gilmore,mwoods@example.com,440-619-3802x62067,2025-07-21,Premium-Fleet
106,Benjamin,Evans,hebertmatthew@example.com,+1-688-472-8743x1527,2026-07-20,Monthly-Pass
107,Jill,Gibbs,gregorychase@example.com,(585)916-1227x53046,2024-09-18,Pay-As-You-Go
108,Joseph,Rivera,greenmichael@example.org,6177426841,2026-04-16,Pay-As-You-Go
109,Jeffrey,Bernard,vhernandez@example.net,(768)378-3391x878,2025-12-29,Pay-As-You-Go
110,Anne,Brown,ashleyhernandez@example.com,971.239.7187x07286,2026-08-21,Monthly-Pass
111,Steven,Roman,fosterlisa@example.net,391.906.5180,2025-11-16,Monthly-Pass
112,Justin,White,katiegood@example.net,(456)576-6182x51286,2024-10-02,Monthly-Pass
113,Adam,Johnson,steven86@example.net,(533)575-2431x0690,2026-06-18,Pay-As-You-Go
114,Craig,Johnson,sanchezbradley@example.com,783.702.8439,2024-10-30,Pay-As-You-Go
115,Kevin,Thomas,roberthill@example.net,001-726-887-0568,2025-03-11,Premium-Fleet
116,Edward,Bennett,oallen@example.com,001-627-508-6688x263,2025-07-22,Premium-Fleet
117,Deborah,Nielsen,christopher30@example.com,(299)501-3983x7354,2025-05-22,Monthly-Pass
118,James,Figueroa,srocha@example.net,001-636-738-5467x854,2026-09-05,Pay-As-You-Go
119,Nicole,Owens,ugill@example.org,(856)609-3204x899,2025-10-11,Premium-Fleet
120,James,Hall,victorpena@example.net,247-377-2522x87280,2025-01-04,Monthly-Pass
121,Elizabeth,Duran,otaylor@example.org,920-938-7509,2026-06-05,Monthly-Pass
122,Adam,Arnold,smithjennifer@example.net,608-762-1182x3398,2024-09-20,Premium-Fleet
123,Laura,Miller,pstevens@example.net,941.201.6668,2025-04-03,Monthly-Pass
124,Albert,Jackson,pbruce@example.com,001-218-303-3974,2026-01-15,Pay-As-You-Go
125,Sara,Lam,whitemelissa@example.org,892.761.4293,2026-02-21,Monthly-Pass
126,Karla,Taylor,masonterri@example.org,763-215-9996,2025-07-03,Pay-As-You-Go
127,Joshua,Riddle,jperez@example.com,(829)761-9431x14262,2026-01-13,Pay-As-You-Go
128,Daniel,Smith,sean41@example.org,226-378-8861,2025-06-15,Premium-Fleet
129,Angela,Carlson,michelle04@example.com,(918)439-8262x2444,2025-06-09,Premium-Fleet
130,Gary,Hill,todd15@example.com,279.893.7124,2024-10-27,Premium-Fleet
131,Meagan,James,scott69@example.org,759-837-5265x4793,2025-05-24,Monthly-Pass
132,Lisa,Long,frederickjames@example.net,(980)473-7416,2025-04-13,Premium-Fleet
133,Kevin,King,jennifermccormick@example.org,397.396.8868x058,2026-01-12,Premium-Fleet
134,John,Ortega,deborahwilliams@example.net,+1-565-961-0143x88899,2026-04-28,Monthly-Pass
135,Peter,Barton,michaeljohnson@example.org,961-312-5457x3875,2025-06-25,Premium-Fleet
136,Jennifer,Chavez,evanslisa@example.org,7518238282,2025-08-14,Monthly-Pass
137,Jesse,Sullivan,jacobsandoval@example.com,5936796603,2025-09-01,Monthly-Pass
138,Jane,Flynn,lloydamanda@example.com,737-714-7859x69691,2026-04-15,Pay-As-You-Go
139,Stephen,Thompson,samantha91@example.net,(851)834-1252,2026-06-26,Pay-As-You-Go
140,Devin,Reyes,tommymedina@example.net,(282)774-2257,2025-12-15,Premium-Fleet
141,Todd,Lee,gmaynard@example.net,667.567.7219x0340,2024-09-15,Monthly-Pass
142,Keith,Norman,hdunn@example.net,848-358-0783,2025-10-30,Pay-As-You-Go
143,Maria,Potter,nancy07@example.com,(417)513-3959x629,2026-04-02,Pay-As-You-Go
144,Jamie,Brown,amanda98@example.org,444-794-8126x04223,2026-06-01,Pay-As-You-Go
145,John,Bridges,kburns@example.net,766-271-1684x577,2026-06-13,Pay-As-You-Go
146,Kim,Oconnor,sreid@example.com,686-736-3745,2026-07-14,Premium-Fleet
147,Becky,Knight,rkramer@example.org,8175012770,2025-11-07,Pay-As-You-Go
148,Regina,Khan,erik41@example.net,(241)552-0643x611,2026-02-24,Premium-Fleet
149,Christian,Wheeler,ssmith@example.com,362-771-3611,2025-09-13,Monthly-Pass
150,Nicole,Taylor,darlenebyrd@example.org,390.492.7532x69731,2025-06-20,Premium-Fleet
151,David,Blair,sylvia52@example.org,513-889-9940x438,2026-04-15,Pay-As-You-Go
152,Debbie,Bowers,troyrodriguez@example.com,+1-491-980-5526x9658,2025-04-25,Monthly-Pass
153,Charles,Matthews,bakerbill@example.org,(384)686-6618x8924,2026-04-29,Monthly-Pass
154,William,Harris,amandamyers@example.net,001-614-463-0316x17990,2024-11-08,Premium-Fleet
155,Alexander,Taylor,martinstephanie@example.net,342.952.4105x64814,2024-12-09,Monthly-Pass
156,William,Brown,michaelscott@example.org,001-913-780-0030,2025-08-27,Premium-Fleet
157,Samantha,White,tranrobin@example.net,+1-263-453-6541x9518,2025-07-02,Monthly-Pass
158,Linda,Jarvis,djones@example.com,001-945-718-7053x49493,2025-02-28,Premium-Fleet
159,Teresa,Cuevas,jessicapayne@example.org,(206)803-8505,2025-12-11,Pay-As-You-Go
160,Joann,Parker,alyssaallen@example.com,9243103865,2026-06-29,Premium-Fleet
161,Cody,Anderson,kjones@example.org,(423)344-5655x74313,2025-12-03,Premium-Fleet
162,Daniel,Cole,richard85@example.org,447.341.1249x035,2025-01-06,Pay-As-You-Go
163,John,Kelly,byrdjorge@example.org,4673883171,2026-03-14,Premium-Fleet
164,Bryan,Norman,davidcolon@example.com,+1-219-994-1013x72151,2024-09-17,Premium-Fleet
165,Gary,Berry,ycrawford@example.net,(625)932-4472x09993,2024-10-17,Monthly-Pass
166,Nicole,Mendoza,ramirezderrick@example.org,+1-783-880-6578x7598,2025-07-25,Premium-Fleet
167,Hector,Flores,anthonycochran@example.com,5786593213,2025-04-06,Monthly-Pass
168,Lisa,Stark,gallagherstacie@example.net,(452)523-9559x0599,2025-10-27,Pay-As-You-Go
169,Vanessa,Keith,lweaver@example.com,2107393087,2026-06-19,Monthly-Pass
170,Christina,Drake,jennifer50@example.org,(392)718-5156,2026-08-21,Monthly-Pass
171,Marcus,Daugherty,fconner@example.net,828-295-3926x44220,2025-04-30,Pay-As-You-Go
172,Carrie,Mccall,daniellegarcia@example.com,(951)235-5215,2025-01-27,Monthly-Pass
173,Jason,Steele,jonathan10@example.org,(576)426-7658x6179,2025-04-01,Pay-As-You-Go
174,Charles,Singleton,andrew41@example.org,826-421-8159x97062,2025-08-24,Premium-Fleet
175,Craig,Harris,robertspencer@example.net,+1-944-443-1069,2024-10-19,Premium-Fleet
176,Michael,Patterson,madison97@example.org,803-924-1714,2024-10-20,Monthly-Pass
177,Patricia,Baker,ylopez@example.com,(270)447-7434,2025-09-22,Premium-Fleet
178,Heather,Davis,lindsey69@example.org,+1-906-686-8793,2026-04-15,Pay-As-You-Go
179,Ralph,Nash,shawrachel@example.net,+1-592-417-2233x20616,2024-11-08,Premium-Fleet
180,Brooke,Flores,millerangela@example.net,348-370-9986x16229,2026-06-17,Pay-As-You-Go
181,Kimberly,Floyd,natalie46@example.net,899.770.2462x9960,2025-11-19,Premium-Fleet
182,John,Reese,penny05@example.com,547-913-2475x4691,2026-02-26,Monthly-Pass
183,Robin,Russell,xmalone@example.org,521.248.6289x02330,2025-02-19,Premium-Fleet
184,Brent,Ward,joshuacolon@example.net,(710)435-7972x7985,2025-08-28,Premium-Fleet
185,Patricia,Curry,mitchellpaul@example.org,001-233-933-4680,2026-06-20,Premium-Fleet
186,David,Thompson,walkercharlene@example.com,001-846-365-7437x489,2026-08-16,Pay-As-You-Go
187,William,Bates,anna99@example.com,517-215-4544x4328,2024-09-13,Pay-As-You-Go
188,Meredith,Patrick,rguerrero@example.org,001-507-944-6660x9935,2026-05-26,Monthly-Pass
189,Shelia,Howard,megan82@example.com,772-548-2513,2026-08-13,Pay-As-You-Go
190,Monica,Fisher,nathan94@example.com,370-899-9173,2026-04-09,Premium-Fleet
191,Kenneth,Brown,derrickgonzalez@example.com,001-772-252-1752,2025-10-24,Premium-Fleet
192,Shannon,Clark,barbaramoore@example.org,(296)566-6760,2024-09-11,Pay-As-You-Go
193,Nathan,Smith,katherine83@example.org,+1-203-635-4216x89421,2026-03-29,Premium-Fleet
194,Stephen,Meyer,ryan25@example.com,(432)360-3323x098,2025-04-21,Monthly-Pass
195,Jennifer,Conner,qmcdowell@example.net,+1-609-901-0016x761,2025-06-19,Monthly-Pass
196,Eric,Neal,turnerdorothy@example.net,549.592.6189x14117,2026-03-07,Pay-As-You-Go
197,Jose,Mills,michaelortiz@example.org,3873375300,2026-05-05,Pay-As-You-Go
198,Audrey,Snyder,chancharles@example.net,443-274-4701,2026-06-18,Monthly-Pass
199,Kelly,Solis,ronald11@example.org,7227557941,2026-07-01,Monthly-Pass
200,Daniel,Ross,ynelson@example.net,462.812.0216x9797,2025-01-28,Pay-As-You-Go
201,Michael,Johnson,timothyfreeman@example.com,301.845.0899x358,2026-05-06,Pay-As-You-Go
202,Jessica,Olson,jhernandez@example.net,7025877217,2026-02-03,Pay-As-You-Go
203,Tara,Williams,andreagray@example.org,377-997-1775,2025-05-23,Premium-Fleet
204,Denise,Garcia,jjohnson@example.org,799-248-8375,2026-04-09,Pay-As-You-Go
205,Jeffrey,Gibson,xmoran@example.net,211.430.5548x851,2026-06-04,Pay-As-You-Go
206,Donald,Love,nrodriguez@example.org,216.337.3516,2025-09-25,Premium-Fleet
207,Patricia,Ellis,tamarasmith@example.net,4863978292,2026-04-30,Monthly-Pass
208,Diane,Obrien,william66@example.net,001-634-765-4722x698,2025-07-05,Pay-As-You-Go
209,Jillian,Spencer,jamesweber@example.com,+1-652-828-8515x87996,2026-03-14,Premium-Fleet
210,Alexander,Rodriguez,qthomas@example.org,242.744.2043,2026-05-28,Pay-As-You-Go
211,Shaun,Jensen,juliahoffman@example.org,540.766.6580x04397,2026-06-02,Pay-As-You-Go
212,Brianna,Rodgers,kimberlybrandt@example.com,621.422.8160x648,2026-04-17,Premium-Fleet
213,Brandy,Scott,steven20@example.org,390-494-7985x15832,2025-01-10,Monthly-Pass
214,Amy,Powell,jeffrey35@example.com,(543)298-7801x573,2025-07-28,Premium-Fleet
215,Nicole,James,cruzamber@example.com,5857887704,2026-02-20,Pay-As-You-Go
216,Christopher,Davis,simsjason@example.net,001-336-213-8612x07501,2025-10-12,Monthly-Pass
217,Laura,Grant,rhondarussell@example.com,+1-366-750-6180x9190,2025-01-24,Premium-Fleet
218,Wesley,Roberts,catherine47@example.com,(207)428-3268x4245,2026-08-29,Premium-Fleet
219,Bobby,Armstrong,fmedina@example.com,653.568.2223,2024-12-12,Monthly-Pass
220,Howard,Marsh,yorksarah@example.net,481.541.4139x755,2024-12-06,Pay-As-You-Go
221,Justin,Jones,louishayes@example.net,+1-849-629-9556x20533,2024-11-24,Premium-Fleet
222,Michael,Frazier,natalie77@example.com,001-347-281-2914x28341,2026-06-22,Premium-Fleet
223,William,Johnson,nhammond@example.org,+1-648-487-2563,2026-06-29,Premium-Fleet
224,Walter,Davis,wayne39@example.net,(982)772-2992,2025-09-03,Pay-As-You-Go
225,Jeffery,Freeman,bakerjim@example.net,385.667.7005,2024-10-09,Premium-Fleet
226,Judy,Lane,nicholasgray@example.net,+1-218-446-3865x5779,2026-06-18,Monthly-Pass
227,Gabriel,Jones,jason22@example.com,+1-813-265-1777x392,2025-08-15,Monthly-Pass
228,Bradley,Berry,dennishunt@example.net,(202)642-8699,2025-03-16,Premium-Fleet
229,Jay,Obrien,kdillon@example.org,(592)892-9842x57991,2024-11-13,Premium-Fleet
230,David,Smith,mserrano@example.org,(979)490-8811,2025-07-04,Monthly-Pass
231,Carrie,Carey,xboyd@example.org,001-686-937-6599x162,2026-08-09,Monthly-Pass
232,Jesse,Trevino,carmen86@example.com,500.798.1806,2026-04-25,Premium-Fleet
233,Michael,Moore,jose86@example.net,(994)663-6887x258,2025-07-22,Monthly-Pass
234,Becky,Schroeder,qfitzgerald@example.org,001-837-221-3865x8902,2025-05-04,Pay-As-You-Go
235,Christopher,Thomas,qdavis@example.org,(919)906-6984x902,2026-05-25,Pay-As-You-Go
236,James,Sandoval,james98@example.net,001-739-820-5302x146,2024-09-16,Pay-As-You-Go
237,Brenda,Holmes,calhounandrea@example.net,+1-895-254-3937,2025-07-19,Pay-As-You-Go
238,Gregory,Hunter,gordonmatthew@example.org,248.994.7697x35779,2025-03-29,Monthly-Pass
239,Jonathan,Reyes,ericahall@example.com,(958)780-4341x65182,2024-12-07,Pay-As-You-Go
240,Jeffery,Berry,staceyvega@example.org,333.334.3333x9521,2025-06-09,Premium-Fleet
241,Stephanie,Vasquez,duranamber@example.org,459.257.9472x8463,2026-02-14,Premium-Fleet
242,Lauren,Mendoza,shawphillip@example.net,001-727-618-7500x36915,2025-10-21,Pay-As-You-Go
243,Amy,Young,vmullen@example.com,(976)436-5564,2025-01-31,Premium-Fleet
244,David,Johnston,lisale@example.org,+1-866-932-2702,2025-11-25,Pay-As-You-Go
245,Wendy,Atkinson,kristen44@example.net,001-306-912-0347,2024-12-21,Pay-As-You-Go
246,Matthew,Ward,maurice61@example.com,+1-893-699-8245x58771,2026-04-09,Pay-As-You-Go
247,Crystal,Thomas,daniellemcfarland@example.com,+1-899-661-1253x5544,2025-09-03,Premium-Fleet
248,Sean,Roy,julie87@example.com,(820)323-4132,2026-07-29,Premium-Fleet
249,Caleb,Johns,johnsonrandy@example.org,649-921-6433,2024-11-21,Pay-As-You-Go
250,David,Rose,anthonyalvarado@example.com,878.648.7282x9979,2026-01-07,Pay-As-You-Go
251,Michael,Fernandez,ramosmichael@example.com,(240)908-2547,2026-08-14,Pay-As-You-Go
252,Thomas,Smith,myates@example.org,4858368663,2026-04-17,Pay-As-You-Go
253,Nicholas,Baker,hgarrett@example.net,001-944-984-6312x241,2026-06-13,Monthly-Pass
254,Jackie,Vasquez,andrew08@example.org,(414)242-7031,2025-04-07,Pay-As-You-Go
255,Jeff,Fisher,dbolton@example.net,9514204618,2025-09-26,Premium-Fleet
256,Paula,Wright,hclayton@example.net,567.930.3718,2025-02-04,Pay-As-You-Go
257,Erin,Collins,eric08@example.net,547-843-5031,2025-07-07,Monthly-Pass
258,Alexis,Bauer,fosterjohn@example.org,001-379-725-1327,2025-05-18,Premium-Fleet
259,Tara,Malone,browndeanna@example.net,+1-512-273-5857,2026-09-01,Monthly-Pass
260,Nicholas,Ramsey,rachel77@example.net,487-339-2855x7498,2026-02-25,Pay-As-You-Go
261,Eric,Phillips,amber70@example.net,962.409.5935x18638,2025-10-25,Premium-Fleet
262,Justin,Ortiz,daniel81@example.org,(820)931-7310,2025-12-28,Pay-As-You-Go
263,Claire,Garza,diazcatherine@example.org,7372170586,2025-10-21,Premium-Fleet
264,Christina,Rice,davenportchristian@example.org,811.338.6338x39288,2026-06-09,Premium-Fleet
265,Danielle,Howard,bpark@example.org,(928)768-5289,2026-04-26,Premium-Fleet
266,Leslie,Frey,megan66@example.net,293-698-3684x57760,2026-08-09,Monthly-Pass
267,Allen,Taylor,adam33@example.com,2489889921,2025-12-14,Pay-As-You-Go
268,Eric,Baker,jesseshepherd@example.org,001-369-631-5727,2025-06-11,Monthly-Pass
269,Jessica,Johnston,deleonsandra@example.com,(766)413-9060x480,2024-10-07,Monthly-Pass
270,Wayne,Walker,nunezwendy@example.com,001-299-881-3646x22517,2025-05-19,Pay-As-You-Go
271,Christopher,Shaw,kathleencastillo@example.org,369.338.9833x1465,2025-03-30,Pay-As-You-Go
272,Robert,Diaz,malikwheeler@example.org,001-342-359-7927x03352,2026-02-11,Pay-As-You-Go
273,Brian,Rush,mistywilkins@example.org,914-477-0538x33884,2026-04-05,Premium-Fleet
274,Holly,Smith,scottbrian@example.org,001-694-807-0164x510,2026-03-01,Monthly-Pass
275,Tina,Romero,mckeetodd@example.net,+1-512-638-7800,2025-03-06,Monthly-Pass
276,Tracy,Garner,reedmichael@example.net,838-440-4608x4325,2025-05-25,Monthly-Pass
277,Jessica,Meyer,robertberry@example.com,495-878-2329x8324,2024-11-15,Monthly-Pass
278,Theresa,Thomas,lonniegrant@example.net,925-620-5664,2026-08-15,Monthly-Pass
279,Kimberly,Rodriguez,anthonyodom@example.net,499-993-9330x517,2025-01-04,Premium-Fleet
280,Debra,White,ihenry@example.org,530.360.4633,2026-03-15,Pay-As-You-Go
281,Sara,Duke,dwatts@example.org,(360)996-5699x98808,2025-01-23,Premium-Fleet
282,Margaret,Williams,aprilfoster@example.net,6866803476,2025-08-28,Premium-Fleet
283,Garrett,Phillips,vaughnrebecca@example.com,+1-271-481-2982x6657,2025-09-01,Premium-Fleet
284,Brittany,Marquez,nicoledavis@example.com,001-421-811-7518x689,2025-08-26,Pay-As-You-Go
285,Oscar,Tate,ariana22@example.org,(406)544-7421,2025-11-09,Pay-As-You-Go
286,Cindy,King,fjimenez@example.net,9973339776,2024-09-10,Monthly-Pass
287,Carol,Sanchez,christine83@example.org,(620)750-2099,2025-12-18,Premium-Fleet
288,Christopher,Rodriguez,evanmitchell@example.net,001-799-882-7950x145,2026-08-23,Monthly-Pass
289,Carlos,Simmons,carterdennis@example.net,358-968-3390x198,2026-06-07,Pay-As-You-Go
290,Haley,Peck,ronald54@example.net,001-995-429-9787,2026-03-24,Pay-As-You-Go
291,Chelsea,Erickson,aaronjohnson@example.net,539-266-0558,2026-07-26,Pay-As-You-Go
292,James,Campbell,parkerwilliam@example.com,001-901-255-6990x23557,2026-01-18,Pay-As-You-Go
293,Derek,Moore,imcclain@example.com,760.784.9588x039,2026-01-22,Premium-Fleet
294,Tara,Ramirez,morgannicholas@example.net,(299)662-9145,2024-10-29,Monthly-Pass
295,Christopher,Wiley,shannon43@example.net,521-750-3178x0782,2025-07-26,Pay-As-You-Go
296,Timothy,Russo,kimberly21@example.net,+1-923-207-6810x40915,2026-08-26,Monthly-Pass
297,Abigail,Hopkins,andrew43@example.com,434.448.5714,2024-11-27,Pay-As-You-Go
298,Danny,Mullen,clarkmichael@example.com,224-493-2149x587,2025-04-08,Monthly-Pass
299,Thomas,Lowe,reyeschristopher@example.com,(399)979-5453,2024-09-30,Monthly-Pass
300,David,Hess,tdavis@example.net,+1-977-933-2945x6255,2025-11-23,Pay-As-You-Go
